,Unnamed: 0,Player,Age,Team,Games Played,Minutes Played,PTS,FG%,3P%,FT%,Offensive Production per Minute,True Shooting,3PAr,TRB%,Field Goals Assisted,Possessions end by steal,Two-point attempts blocked,Turnovers per 100 plays,Plays Used,Win Shares,Box Plus/Minus,Value Over Replacement,Salary,Win_Pct,Salary_log,Archetype_ID,Player_Archetype,Predicted_Salary,Value_Gap
0,0,Shai Gilgeous-Alexander,26.0,OKC,76.0,34.2,32.7,0.519,0.375,0.898,30.7,0.637,0.263,7.8,31.3,2.4,3.0,8.6,34.8,16.7,11.5,8.9,38333050.0,0.829,17.461823032414898,0,Elite Creator / Franchise Star,46785309.0030404,-8452259.003040403
1,1,Giannis Antetokounmpo,30.0,MIL,67.0,34.2,30.4,0.601,0.222,0.617,30.5,0.625,0.048,19.0,36.0,1.2,3.2,11.2,35.2,11.5,9.5,6.6,54126450.0,0.585,17.80683355224168,0,Elite Creator / Franchise Star,52713544.47125282,1412905.5287471786
2,2,Nikola JokiÄ‡,29.0,DEN,70.0,36.7,29.6,0.576,0.417,0.8,32.0,0.663,0.243,19.1,44.1,2.4,1.6,12.8,29.5,16.4,13.3,9.8,55224526.0,0.61,17.826917742272254,0,Elite Creator / Franchise Star,53418561.1518858,1805964.8481142
3,3,Luka DonÄiÄ‡,25.0,LAL,50.0,35.4,28.2,0.45,0.368,0.782,24.1,0.587,0.469,12.8,36.1,2.5,1.1,13.0,33.9,5.9,6.7,3.9,45999660.0,0.61,17.644144584860996,0,Elite Creator / Franchise Star,46057764.02762206,-58104.02762205899
4,4,Anthony Edwards,23.0,MIN,79.0,36.3,27.6,0.447,0.395,0.837,20.1,0.595,0.503,8.7,20.9,1.6,1.7,12.0,31.4,8.4,4.3,4.6,45550512.0,0.598,17.634332443955888,0,Elite Creator / Franchise Star,37865441.52958514,7685070.470414862
5,5,Jayson Tatum,26.0,BOS,72.0,36.4,26.8,0.452,0.343,0.814,21.7,0.582,0.497,12.9,27.0,1.5,1.3,11.2,31.2,9.5,5.2,4.8,54126450.0,0.744,17.80683355224168,0,Elite Creator / Franchise Star,45860405.20042103,8266044.799578972
6,6,Kevin Durant,36.0,PHO,62.0,36.5,26.6,0.527,0.43,0.839,21.2,0.642,0.331,9.2,19.6,1.1,3.2,12.9,28.7,5.2,3.2,3.0,54708609.0,0.439,17.817531659027434,7,High - Impact Starter / Primary Option,49583722.79559528,5124886.204404719
7,7,Tyrese Maxey,24.0,PHI,52.0,37.7,26.3,0.437,0.337,0.879,19.5,0.562,0.438,5.0,28.0,2.3,1.1,9.2,29.8,3.8,2.0,2.0,37958760.0,0.293,17.452010891552664,3,High Volume Inefficient Scorer,37238000.26418875,720759.7358112484
8,8,Cade Cunningham,23.0,DET,70.0,35.0,26.1,0.469,0.356,0.846,20.6,0.565,0.287,9.6,43.0,1.4,2.1,16.0,33.2,5.9,3.9,3.7,46394100.0,0.537,17.652682875493632,0,Elite Creator / Franchise Star,40979674.08656606,5414425.913433939
9,9,Jalen Brunson,28.0,NYK,65.0,35.4,26.0,0.488,0.383,0.821,21.6,0.605,0.331,4.7,32.3,1.3,0.3,10.5,29.5,8.3,3.3,3.1,34944001.0,0.622,17.369257395321146,7,High - Impact Starter / Primary Option,49323788.38958315,-14379787.389583148
10,10,Paolo Banchero,22.0,ORL,46.0,34.4,25.9,0.452,0.32,0.727,20.0,0.551,0.299,12.5,26.0,1.1,1.7,11.2,33.6,3.5,3.5,2.2,15334769.0,0.5,16.54563335704827,3,High Volume Inefficient Scorer,24635849.732960064,-9301080.732960064
11,11,Devin Booker,28.0,PHO,75.0,37.3,25.6,0.461,0.332,0.894,19.3,0.589,0.388,6.1,30.6,1.2,0.5,11.9,29.3,6.4,0.4,1.7,53142264.0,0.439,17.788483120646912,7,High - Impact Starter / Primary Option,45968323.74128244,7173940.258717559
12,12,LaMelo Ball,23.0,CHO,47.0,32.0,25.2,0.405,0.339,0.843,19.1,0.536,0.526,8.2,43.8,1.8,0.8,13.1,35.9,2.0,3.2,2.0,37958760.0,0.232,17.452010891552664,3,High Volume Inefficient Scorer,30869835.255859166,7088924.744140834
13,13,Damian Lillard,34.0,MIL,58.0,36.1,24.9,0.448,0.376,0.921,21.3,0.621,0.528,7.1,29.7,1.6,0.4,12.2,27.8,7.6,4.0,3.2,68230450.0,0.585,18.038401518765365,7,High - Impact Starter / Primary Option,52225323.896272674,16005126.103727326
14,14,Anthony Davis,31.0,LAL,51.0,33.5,24.7,0.516,0.282,0.775,26.3,0.588,0.136,19.4,18.3,1.7,6.0,9.5,30.4,6.7,5.4,3.2,54126450.0,0.61,17.80683355224168,0,Elite Creator / Franchise Star,49450179.33616624,4676270.66383376
15,15,Kyrie Irving,32.0,DAL,50.0,36.1,24.7,0.473,0.401,0.916,19.9,0.594,0.38,7.2,20.5,1.8,1.1,9.7,27.4,4.6,3.4,2.5,36566002.0,0.476,17.414629486914013,7,High - Impact Starter / Primary Option,41652384.214466155,-5086382.214466155
16,16,Zion Williamson,24.0,NOP,30.0,28.6,24.6,0.567,0.231,0.656,27.3,0.6,0.026,13.6,36.6,2.1,3.0,12.8,34.7,2.5,7.0,1.9,39446090.0,0.256,17.4904455128942,3,High Volume Inefficient Scorer,37508156.118811615,1937933.8811883852
17,17,Stephen Curry,36.0,GSW,70.0,32.2,24.5,0.448,0.397,0.933,21.5,0.618,0.623,7.4,31.3,1.7,1.3,12.6,29.8,7.9,6.3,4.8,59606817.0,0.585,17.903280521466012,0,Elite Creator / Franchise Star,52200626.85408926,7406190.14591074
18,18,LeBron James,40.0,LAL,70.0,34.9,24.4,0.513,0.376,0.782,22.7,0.604,0.312,12.6,40.3,1.4,1.5,15.5,30.1,7.7,5.6,4.7,52627153.0,0.61,17.778742780245555,0,Elite Creator / Franchise Star,52849501.52132657,-222348.5213265717
19,19,Karl-Anthony Towns,29.0,NYK,72.0,35.0,24.4,0.526,0.42,0.829,23.4,0.63,0.278,21.0,13.8,1.4,1.9,12.1,27.4,10.1,3.6,3.5,53142264.0,0.622,17.788483120646912,0,Elite Creator / Franchise Star,49647219.563430846,3495044.4365691543
20,20,Victor Wembanyama,21.0,SAS,46.0,33.2,24.3,0.476,0.352,0.836,24.2,0.594,0.47,17.7,18.3,1.6,10.4,13.7,30.4,3.8,6.5,3.3,13376880.0,0.415,16.409038476372118,0,Elite Creator / Franchise Star,24414328.910716616,-11037448.910716616
21,21,Franz Wagner,23.0,ORL,60.0,33.7,24.2,0.463,0.295,0.871,20.1,0.558,0.303,9.7,26.6,1.9,1.0,9.6,31.0,5.6,3.1,2.6,38661750.0,0.5,17.470361323010568,7,High - Impact Starter / Primary Option,32077991.762832828,6583758.237167172
22,22,Trae Young,26.0,ATL,76.0,36.0,24.2,0.411,0.34,0.875,18.3,0.567,0.467,4.7,46.4,1.6,0.4,17.9,29.6,5.7,0.5,1.7,45999660.0,0.488,17.644144584860996,7,High - Impact Starter / Primary Option,37813237.348472364,8186422.651527636
23,23,Donovan Mitchell,28.0,CLE,71.0,31.4,24.0,0.443,0.368,0.823,20.9,0.575,0.48,7.8,23.9,2.0,0.7,9.2,30.9,7.6,3.7,3.2,46394100.0,0.78,17.652682875493632,7,High - Impact Starter / Primary Option,40765730.45105056,5628369.548949443
24,24,Cam Thomas,23.0,BRK,25.0,31.2,24.0,0.438,0.349,0.881,18.0,0.575,0.43,6.0,22.9,1.0,0.3,10.6,32.6,1.2,0.3,0.5,5993172.0,0.317,15.606131546035192,3,High Volume Inefficient Scorer,15100128.244937913,-9106956.244937913
25,25,Tyler Herro,25.0,MIA,77.0,35.4,23.9,0.472,0.375,0.878,19.7,0.605,0.486,8.1,26.2,1.3,0.6,11.5,28.0,7.4,3.1,3.5,31000000.0,0.451,17.249497794707484,7,High - Impact Starter / Primary Option,38441161.67987859,-7441161.6798785925
26,26,Joel Embiid,30.0,PHI,19.0,30.2,23.8,0.444,0.299,0.882,23.4,0.58,0.244,15.3,25.6,1.2,3.1,13.7,34.2,1.4,3.5,0.8,55224526.0,0.293,17.826917742272254,3,High Volume Inefficient Scorer,34672359.55821609,20552166.441783912
27,27,De'Aaron Fox,27.0,SAC,62.0,36.1,23.5,0.463,0.31,0.827,18.3,0.56,0.328,7.4,27.2,2.0,1.1,11.8,28.3,4.3,0.4,1.3,37096620.0,0.488,17.42903644526268,3,High Volume Inefficient Scorer,35672468.48407325,1424151.5159267485
28,28,Zach LaVine,29.0,CHI,74.0,35.2,23.3,0.511,0.446,0.825,17.3,0.639,0.438,6.5,18.3,1.1,0.4,13.4,25.3,5.1,0.7,1.8,47499660.0,0.476,17.6762331321373,7,High - Impact Starter / Primary Option,36368940.37005424,11130719.629945762
29,29,Ja Morant,25.0,MEM,50.0,30.4,23.2,0.454,0.309,0.824,19.3,0.563,0.321,7.1,36.0,1.9,0.7,15.2,32.2,3.5,2.4,1.7,39446090.0,0.585,17.4904455128942,3,High Volume Inefficient Scorer,35574823.7367827,3871266.2632173
30,30,James Harden,35.0,LAC,79.0,35.3,22.8,0.41,0.352,0.874,20.0,0.582,0.516,9.3,36.8,2.1,2.0,18.0,29.6,8.3,4.3,4.4,39182693.0,0.61,17.48374572768805,0,Elite Creator / Franchise Star,42976812.55705739,-3794119.557057388
31,31,Jaylen Brown,28.0,BOS,63.0,34.3,22.2,0.463,0.324,0.764,17.8,0.555,0.32,9.3,21.4,1.7,0.8,11.4,28.9,5.2,0.0,1.1,53142264.0,0.744,17.788483120646912,7,High - Impact Starter / Primary Option,30700928.041190147,22441335.958809853
32,32,DeMar DeRozan,35.0,SAC,77.0,35.9,22.2,0.477,0.328,0.857,17.7,0.569,0.196,6.0,18.7,1.1,1.1,6.5,25.0,7.1,-0.1,1.3,24570000.0,0.488,17.0170367851974,7,High - Impact Starter / Primary Option,31100462.080164455,-6530462.080164455
33,33,Brandon Ingram,27.0,NOP,18.0,33.1,22.2,0.465,0.374,0.855,16.0,0.56,0.345,9.1,26.8,1.3,1.8,16.2,30.2,0.0,-0.3,0.3,38095238.0,0.256,17.455599871658777,3,High Volume Inefficient Scorer,18204395.001952928,19890842.998047072
34,34,Jaren Jackson Jr.,25.0,MEM,74.0,29.8,22.2,0.488,0.375,0.781,19.6,0.591,0.321,10.0,10.1,1.9,4.7,9.9,28.1,6.4,2.3,2.4,35000000.0,0.585,17.370858648025116,7,High - Impact Starter / Primary Option,32298168.440073412,2701831.559926588
35,35,Norman Powell,31.0,LAC,60.0,32.6,21.8,0.484,0.418,0.804,17.5,0.615,0.453,5.5,10.2,1.8,0.5,9.2,26.1,5.3,1.5,1.8,20482758.0,0.61,16.835094065858964,7,High - Impact Starter / Primary Option,26859085.36291567,-6376327.362915669
36,36,Jalen Williams,23.0,OKC,69.0,32.4,21.6,0.484,0.365,0.789,20.3,0.573,0.291,8.8,23.4,2.4,2.1,10.3,27.5,7.8,4.0,3.4,6580997.0,0.829,15.699696963533029,7,High - Impact Starter / Primary Option,21269209.64716375,-14688212.647163749
37,37,Kawhi Leonard,33.0,LAC,37.0,31.9,21.5,0.498,0.411,0.81,20.5,0.589,0.305,10.5,16.4,2.5,1.4,9.6,27.7,3.5,3.1,1.5,50000000.0,0.61,17.72753358339242,7,High - Impact Starter / Primary Option,36165446.497426614,13834553.502573386
38,38,Jamal Murray,27.0,DEN,67.0,36.1,21.4,0.474,0.393,0.886,17.8,0.584,0.354,5.9,23.2,1.8,1.2,10.1,24.0,6.2,0.8,1.7,46394100.0,0.61,17.652682875493632,7,High - Impact Starter / Primary Option,34499407.212852225,11894692.787147775
39,39,Trey Murphy III,24.0,NOP,53.0,35.0,21.2,0.454,0.361,0.887,17.3,0.598,0.522,7.8,15.9,1.5,2.0,9.9,23.7,3.5,0.8,1.3,25000000.0,0.256,17.034386422832473,3,High Volume Inefficient Scorer,26310918.354236323,-1310918.3542363234
40,40,RJ Barrett,24.0,TOR,58.0,32.2,21.1,0.468,0.35,0.63,16.5,0.547,0.312,10.5,27.3,1.2,0.9,12.9,28.7,2.4,0.6,1.2,27705357.0,0.366,17.13713638205536,3,High Volume Inefficient Scorer,28169632.71454202,-464275.7145420201
41,41,CJ McCollum,33.0,NOP,56.0,32.7,21.1,0.444,0.373,0.717,15.8,0.55,0.459,6.2,20.6,1.2,1.3,9.0,27.2,1.5,-1.4,0.3,30666666.0,0.256,17.23868685721477,3,High Volume Inefficient Scorer,20286964.09052873,10379701.90947127
42,42,Jalen Green,22.0,HOU,82.0,32.9,21.0,0.423,0.354,0.813,15.1,0.544,0.46,7.4,16.0,1.3,0.9,11.4,27.3,5.1,0.5,1.7,33584499.0,0.634,17.32957520897365,7,High - Impact Starter / Primary Option,18016655.321641255,15567843.678358745
43,43,Brandon Miller,22.0,CHO,27.0,34.2,21.0,0.403,0.355,0.861,14.0,0.54,0.597,7.6,18.3,1.5,2.1,12.6,27.7,0.4,0.0,0.4,11968800.0,0.232,16.297813905432722,3,High Volume Inefficient Scorer,11841224.16786785,127575.83213214949
44,44,Darius Garland,25.0,CLE,75.0,30.7,20.6,0.472,0.401,0.878,19.9,0.6,0.451,5.0,32.2,1.9,0.4,12.8,27.2,8.1,3.1,3.0,39446090.0,0.78,17.4904455128942,7,High - Impact Starter / Primary Option,33221684.961814214,6224405.038185786
45,45,Jordan Poole,25.0,WAS,68.0,29.4,20.5,0.432,0.378,0.883,16.6,0.591,0.588,5.3,25.6,2.0,1.2,14.8,29.0,2.0,0.4,1.2,31848215.0,0.22,17.276491925854813,3,High Volume Inefficient Scorer,26813818.945317015,5034396.054682985
46,46,Coby White,24.0,CHI,74.0,33.1,20.4,0.453,0.37,0.902,15.5,0.601,0.521,5.8,19.5,1.3,0.6,12.4,24.4,4.5,-0.9,0.7,12888889.0,0.476,16.371876257941313,3,High Volume Inefficient Scorer,20360024.019686986,-7471135.019686986
47,47,Miles Bridges,26.0,CHO,64.0,31.7,20.3,0.431,0.313,0.87,17.7,0.541,0.413,12.6,21.7,1.1,2.2,10.2,28.0,3.2,1.8,2.0,25000000.0,0.232,17.034386422832473,3,High Volume Inefficient Scorer,26151439.632607657,-1151439.6326076575
48,48,Austin Reaves,26.0,LAL,73.0,34.9,20.2,0.46,0.377,0.877,18.1,0.616,0.512,7.3,24.9,1.6,0.8,12.9,23.7,7.6,1.9,2.6,13937574.0,0.61,16.45009898833605,7,High - Impact Starter / Primary Option,26414284.492629204,-12476710.492629204
49,49,Pascal Siakam,30.0,IND,78.0,32.7,20.2,0.519,0.389,0.734,19.2,0.599,0.274,11.8,15.7,1.3,1.5,7.6,24.2,7.5,1.7,2.4,45550512.0,0.61,17.634332443955888,7,High - Impact Starter / Primary Option,34092759.66705983,11457752.332940169
50,50,Kristaps PorziÅ†Ä£is,29.0,BOS,42.0,28.8,19.5,0.483,0.412,0.809,22.3,0.618,0.436,12.8,11.4,1.3,4.8,7.4,25.9,5.3,4.7,2.1,30731707.0,0.744,17.240805513427713,7,High - Impact Starter / Primary Option,32520518.15979499,-1788811.15979499
51,51,Scottie Barnes,23.0,TOR,65.0,32.8,19.3,0.446,0.271,0.755,17.8,0.523,0.263,12.6,27.7,2.1,2.8,13.4,27.0,3.5,2.4,2.3,38661750.0,0.366,17.470361323010568,3,High Volume Inefficient Scorer,27604203.519182015,11057546.480817985
52,52,Anfernee Simons,25.0,POR,70.0,32.7,19.3,0.426,0.363,0.902,14.9,0.557,0.527,4.5,23.3,1.3,0.2,10.6,24.6,4.2,-0.1,1.1,27678571.0,0.439,17.13616909778758,3,High Volume Inefficient Scorer,23818721.943982355,3859849.0560176447
53,53,Desmond Bane,26.0,MEM,69.0,32.0,19.2,0.484,0.392,0.894,17.9,0.6,0.411,10.0,23.6,1.7,1.2,13.3,23.3,6.5,3.2,2.9,36725670.0,0.585,17.41898655078991,7,High - Impact Starter / Primary Option,28995786.798315477,7729883.201684523
54,54,Domantas Sabonis,28.0,SAC,70.0,34.7,19.1,0.59,0.417,0.754,22.9,0.655,0.175,22.4,26.0,1.0,1.0,16.5,21.6,10.1,5.2,4.4,42336000.0,0.488,17.56114836951738,0,Elite Creator / Franchise Star,37732842.156229556,4603157.843770444
55,55,Alperen ÅžengÃ¼n,22.0,HOU,76.0,31.5,19.1,0.496,0.233,0.692,21.4,0.545,0.079,17.5,24.1,1.7,2.3,12.7,26.2,8.3,4.4,3.9,33944954.0,0.634,17.340250800043123,0,Elite Creator / Franchise Star,25928493.765626665,8016460.234373335
56,56,John Collins,27.0,UTA,40.0,30.5,19.0,0.527,0.399,0.848,19.0,0.628,0.279,14.4,10.8,1.5,3.1,14.6,24.2,2.5,1.0,0.9,26580000.0,0.207,17.095669648871645,3,High Volume Inefficient Scorer,25401336.07673503,1178663.9232649691
57,57,Lauri Markkanen,27.0,UTA,47.0,31.4,19.0,0.423,0.346,0.876,15.6,0.571,0.57,10.1,7.5,1.1,1.1,7.8,24.0,2.2,-0.3,0.7,46394100.0,0.207,17.652682875493632,3,High Volume Inefficient Scorer,18966117.95240422,27427982.04759578
58,58,Jalen Johnson,23.0,ATL,36.0,35.7,18.9,0.5,0.312,0.746,17.3,0.569,0.26,15.3,20.5,2.0,2.6,15.1,22.5,2.4,1.8,1.2,30000000.0,0.488,17.216707972959764,3,High Volume Inefficient Scorer,24759761.22937672,5240238.770623282
59,59,Cameron Johnson,28.0,BRK,57.0,31.6,18.8,0.475,0.39,0.893,18.2,0.632,0.546,7.8,18.5,1.5,1.4,10.5,22.9,5.1,3.1,2.3,21057065.0,0.317,16.862746738725377,7,High - Impact Starter / Primary Option,24918520.72080614,-3861455.7208061405
60,60,Julius Randle,30.0,MIN,69.0,32.3,18.7,0.485,0.344,0.806,17.5,0.593,0.334,12.1,22.5,1.0,0.7,15.3,25.0,6.2,1.3,1.8,30864198.0,0.598,17.245107461748127,7,High - Impact Starter / Primary Option,29847711.563763242,1016486.4362367578
61,61,Tyrese Haliburton,24.0,IND,73.0,33.6,18.6,0.473,0.388,0.851,21.8,0.616,0.559,5.9,38.9,2.1,1.8,9.8,21.6,10.4,5.8,4.9,45550512.0,0.61,17.634332443955888,0,Elite Creator / Franchise Star,36903168.03062512,8647343.96937488
62,62,Evan Mobley,23.0,CLE,71.0,30.5,18.5,0.557,0.37,0.725,22.3,0.633,0.254,16.5,15.1,1.4,4.7,12.2,23.2,9.0,4.6,3.6,46394100.0,0.78,17.652682875493632,0,Elite Creator / Franchise Star,30165196.923967965,16228903.076032035
63,63,Shaedon Sharpe,21.0,POR,72.0,31.3,18.5,0.452,0.311,0.785,14.5,0.551,0.428,7.8,14.2,1.3,0.6,11.0,25.1,3.0,-1.3,0.4,8399983.0,0.439,15.943740359049825,3,High Volume Inefficient Scorer,11721749.743313128,-3321766.743313128
64,64,Nikola VuÄeviÄ‡,34.0,CHI,73.0,31.2,18.5,0.53,0.402,0.805,20.3,0.611,0.309,16.9,17.1,1.2,2.0,9.7,22.4,7.3,2.6,2.7,21481481.0,0.476,16.882701819638342,7,High - Impact Starter / Primary Option,27820524.193097383,-6339043.193097383
65,65,Collin Sexton,26.0,UTA,63.0,27.9,18.4,0.48,0.406,0.865,16.6,0.593,0.313,5.2,25.1,1.3,0.3,14.1,27.0,2.4,-0.6,0.6,18975000.0,0.207,16.75863293394689,3,High Volume Inefficient Scorer,18967802.92838872,7197.071611281484
66,66,Michael Porter Jr.,26.0,DEN,77.0,33.7,18.2,0.504,0.395,0.768,16.2,0.617,0.467,11.4,8.7,0.9,1.3,8.4,20.2,6.4,-0.1,1.2,38333050.0,0.61,17.461823032414898,7,High - Impact Starter / Primary Option,28405344.588306904,9927705.411693096
67,67,Bam Adebayo,27.0,MIA,78.0,34.3,18.1,0.485,0.357,0.765,18.9,0.561,0.199,15.5,20.0,1.8,1.9,11.4,23.5,7.5,2.0,2.7,37096620.0,0.451,17.42903644526268,7,High - Impact Starter / Primary Option,30663185.95627862,6433434.043721382
68,68,Andrew Wiggins,29.0,GSW,60.0,30.7,18.0,0.448,0.374,0.763,16.4,0.566,0.415,7.9,13.5,1.6,2.6,9.4,24.5,4.0,0.9,1.4,28223215.0,0.585,17.155655459625066,7,High - Impact Starter / Primary Option,27346224.48822941,876990.5117705911
69,69,OG Anunoby,27.0,NYK,74.0,36.6,18.0,0.476,0.372,0.81,15.4,0.591,0.448,7.6,8.5,2.0,2.2,8.3,19.7,6.5,0.7,1.9,39568966.0,0.622,17.493555707385266,7,High - Impact Starter / Primary Option,28717594.04766557,10851371.95233443
70,70,Mikal Bridges,28.0,NYK,82.0,37.0,17.6,0.5,0.354,0.814,14.0,0.585,0.391,4.9,14.4,1.2,1.3,9.7,19.6,5.7,-0.5,1.2,24900000.0,0.622,17.030378401595577,7,High - Impact Starter / Primary Option,22728853.89769392,2171146.102306079
71,71,Jaden Ivey,22.0,DET,30.0,29.9,17.6,0.46,0.409,0.733,14.7,0.569,0.373,7.6,19.7,1.5,1.2,16.1,26.0,1.2,0.0,0.5,10107163.0,0.537,16.128755037302913,3,High Volume Inefficient Scorer,11342423.203080418,-1235260.2030804176
72,72,Jimmy Butler,35.0,GSW,55.0,31.7,17.5,0.504,0.308,0.842,22.4,0.626,0.174,9.2,25.5,2.2,1.0,8.8,20.8,8.7,4.9,3.0,54126450.0,0.585,17.80683355224168,7,High - Impact Starter / Primary Option,29829429.494720086,24297020.505279914
73,73,Dejounte Murray,28.0,NOP,31.0,32.6,17.5,0.393,0.299,0.823,15.4,0.494,0.352,10.7,34.6,3.0,1.1,16.2,27.3,0.2,-1.6,0.1,30801103.0,0.256,17.24306109145726,3,High Volume Inefficient Scorer,15975172.366223056,14825930.633776944
74,74,Malik Monk,26.0,SAC,65.0,31.6,17.2,0.439,0.325,0.865,15.0,0.549,0.456,6.7,25.7,1.5,1.8,13.5,24.6,2.8,-0.8,0.6,18797619.0,0.488,16.74924082404158,3,High Volume Inefficient Scorer,19078714.11684829,-281095.11684828997
75,75,Immanuel Quickley,25.0,TOR,33.0,27.8,17.1,0.42,0.378,0.867,17.5,0.57,0.514,6.8,31.5,1.2,0.4,10.5,25.1,2.5,2.2,1.0,32500000.0,0.366,17.296750678069195,3,High Volume Inefficient Scorer,22680312.076324604,9819687.923675396
76,76,De'Andre Hunter,27.0,ATL,64.0,27.2,17.0,0.47,0.405,0.846,15.9,0.623,0.509,8.1,7.5,1.4,0.7,8.6,22.8,4.4,0.4,1.0,23303571.0,0.488,16.96411721150699,5,3&D Specialist,16251256.346949905,7052314.653050095
77,77,Bradley Beal,31.0,PHO,53.0,32.1,17.0,0.497,0.386,0.803,15.2,0.598,0.38,5.8,17.6,1.7,1.5,11.6,22.1,2.4,-1.1,0.4,59020270.0,0.439,17.89339151913237,3,High Volume Inefficient Scorer,17220781.442613143,41799488.55738686
78,78,Deni Avdija,24.0,POR,72.0,30.0,16.9,0.476,0.365,0.78,17.7,0.605,0.405,13.1,19.9,1.6,1.5,16.3,23.2,5.6,2.1,2.2,14375000.0,0.439,16.481001214212903,7,High - Impact Starter / Primary Option,22953813.45624815,-8578813.45624815
79,79,Keyonte George,21.0,UTA,67.0,31.5,16.8,0.391,0.343,0.818,12.9,0.539,0.552,6.5,26.9,1.0,0.4,14.9,24.3,1.1,-2.7,-0.3,4278960.0,0.207,15.26922078107838,1,Low Efficiency Creator,7885580.824241485,-3606620.8242414854
80,80,Ivica Zubac,27.0,LAC,80.0,32.8,16.8,0.628,0.0,0.661,22.3,0.641,0.0,21.8,12.8,1.0,3.4,10.8,19.5,11.7,3.1,3.4,18102000.0,0.61,16.711533042611766,4,Defensive Anchor / Elite Rebounder,23467723.628821548,-5365723.628821548
81,81,Derrick White,30.0,BOS,76.0,33.9,16.4,0.442,0.384,0.839,16.6,0.606,0.721,7.2,20.2,1.4,2.9,11.3,19.8,8.5,3.5,3.6,28100000.0,0.744,17.151280169891162,7,High - Impact Starter / Primary Option,25626966.233697474,2473033.766302526
82,82,Devin Vassell,24.0,SAS,64.0,31.0,16.3,0.443,0.368,0.792,14.2,0.553,0.483,6.9,13.8,2.0,1.5,8.5,22.1,2.2,-1.1,0.4,27000000.0,0.415,17.11134746100564,1,Low Efficiency Creator,13458932.912720595,13541067.087279405
83,83,Jordan Clarkson,32.0,UTA,37.0,26.0,16.2,0.408,0.362,0.797,14.5,0.54,0.471,6.6,22.9,1.5,0.9,13.4,27.8,0.4,-1.5,0.1,16581988.0,0.207,16.62382766428816,3,High Volume Inefficient Scorer,14308419.78201604,2273568.2179839592
84,84,Paul George,34.0,PHI,41.0,32.5,16.2,0.43,0.358,0.814,14.5,0.543,0.47,9.3,20.9,2.8,1.5,14.7,23.5,1.0,-0.4,0.5,51666090.0,0.293,17.760312244217854,3,High Volume Inefficient Scorer,16237320.713381784,35428769.28661822
85,85,Jalen Suggs,23.0,ORL,35.0,28.6,16.2,0.41,0.314,0.882,14.4,0.536,0.503,8.1,21.6,2.5,3.2,16.2,27.5,1.1,0.4,0.6,35000000.0,0.5,17.370858648025116,3,High Volume Inefficient Scorer,16949959.520099428,18050040.479900572
86,86,Bennedict Mathurin,22.0,IND,72.0,29.8,16.1,0.458,0.34,0.831,13.6,0.579,0.338,9.9,8.8,1.1,1.0,11.9,22.8,3.0,-2.9,-0.5,9187573.0,0.61,16.03336247689256,1,Low Efficiency Creator,9362751.004283145,-175178.00428314507
87,87,Myles Turner,28.0,IND,72.0,30.2,15.6,0.481,0.396,0.773,16.1,0.612,0.486,12.1,7.1,1.2,6.0,11.8,20.7,4.7,0.4,1.3,25318251.0,0.61,17.047036116522218,5,3&D Specialist,21487150.78771951,3831100.2122804895
88,88,Christian Braun,23.0,DEN,79.0,33.9,15.4,0.58,0.397,0.827,16.0,0.665,0.273,8.4,10.1,1.5,1.2,8.1,15.8,8.0,0.3,1.6,4921797.0,0.61,15.409184468863415,7,High - Impact Starter / Primary Option,11657886.558408316,-6736089.558408316
89,89,Jonathan Kuminga,22.0,GSW,47.0,24.3,15.3,0.454,0.305,0.668,15.7,0.535,0.266,10.2,14.6,1.6,1.7,9.6,27.4,1.9,-0.6,0.4,22500000.0,0.585,16.929025911619092,3,High Volume Inefficient Scorer,10942652.324015088,11557347.675984912
90,90,Jared McCain,20.0,PHI,23.0,25.7,15.3,0.46,0.383,0.875,15.2,0.589,0.485,5.4,16.7,1.2,0.0,11.0,24.7,0.7,0.2,0.3,4221360.0,0.293,15.25566814586477,3,High Volume Inefficient Scorer,6490578.903310263,-2269218.9033102626
91,91,Mark Williams,23.0,CHO,44.0,26.6,15.3,0.604,0.0,0.804,23.9,0.647,0.009,20.3,16.5,1.3,4.5,12.0,21.4,4.7,3.5,1.6,6276531.0,0.232,15.65232815661026,4,Defensive Anchor / Elite Rebounder,8787741.161320869,-2511210.161320869
92,92,Kelly Oubre Jr.,29.0,PHI,60.0,34.6,15.1,0.47,0.293,0.751,13.5,0.551,0.327,10.0,7.9,2.2,1.4,8.9,18.9,2.6,-2.3,-0.1,8382150.0,0.293,15.941615122098495,1,Low Efficiency Creator,11971712.17485315,-3589562.17485315
93,93,Chet Holmgren,22.0,OKC,32.0,27.4,15.0,0.49,0.379,0.754,19.2,0.599,0.34,15.7,9.7,1.3,8.2,12.3,22.0,3.2,2.4,1.0,13731368.0,0.829,16.435193481440727,6,Versatile Player,11946745.746555613,1784622.2534443866
94,94,Kyle Kuzma,29.0,MIL,65.0,29.8,14.8,0.436,0.307,0.634,10.6,0.514,0.369,10.2,12.1,0.9,0.9,13.5,24.0,-0.9,-4.9,-1.4,22410605.0,0.585,16.925044886910825,1,Low Efficiency Creator,12207667.133164596,10202937.866835404
95,95,Stephon Castle,20.0,SAS,81.0,26.7,14.7,0.428,0.285,0.724,13.7,0.522,0.337,7.4,22.8,1.7,0.9,13.4,26.0,1.1,-3.2,-0.6,9560520.0,0.415,16.073152781450577,1,Low Efficiency Creator,8509607.064729923,1050912.9352700766
96,96,Aaron Gordon,29.0,DEN,51.0,28.4,14.7,0.531,0.436,0.81,17.0,0.65,0.346,9.4,15.0,0.8,0.9,11.3,19.0,4.3,1.2,1.2,22841455.0,0.61,16.944087688531138,7,High - Impact Starter / Primary Option,21032604.570165783,1808850.4298342168
97,97,P.J. Washington,26.0,DAL,57.0,32.2,14.7,0.453,0.381,0.722,14.0,0.556,0.359,13.1,10.1,1.7,2.8,13.6,20.4,2.4,-0.9,0.5,14152174.0,0.476,16.46537888048866,1,Low Efficiency Creator,14986278.30225803,-834104.3022580296
98,98,Quentin Grimes,24.0,DAL,75.0,26.8,14.6,0.467,0.385,0.757,15.9,0.595,0.512,8.9,17.7,1.8,1.0,13.3,22.8,3.4,0.4,1.2,8741209.0,0.476,15.983559181985168,7,High - Impact Starter / Primary Option,10041153.404703714,-1299944.404703714
99,99,Josh Giddey,22.0,CHI,70.0,30.2,14.6,0.465,0.378,0.781,18.1,0.57,0.348,14.0,32.9,1.9,1.8,18.4,21.7,5.3,3.0,2.7,25000000.0,0.476,17.034386422832473,7,High - Impact Starter / Primary Option,17540104.89686327,7459895.103136729
100,100,Jakob Poeltl,29.0,TOR,57.0,29.6,14.5,0.627,0.333,0.674,20.0,0.641,0.005,17.4,14.5,1.9,4.0,14.7,18.7,5.5,2.0,1.7,19500000.0,0.366,16.785925074816024,4,Defensive Anchor / Elite Rebounder,20309911.454016406,-809911.4540164061
101,101,Deandre Ayton,26.0,POR,40.0,30.2,14.4,0.566,0.188,0.667,17.7,0.583,0.068,18.2,8.5,1.2,2.9,12.2,19.4,2.8,-0.7,0.4,43654814.0,0.439,17.591824143444615,4,Defensive Anchor / Elite Rebounder,16746484.667410955,26908329.332589045
102,102,Gradey Dick,21.0,TOR,54.0,29.4,14.4,0.41,0.35,0.858,10.9,0.543,0.504,6.5,8.9,1.5,0.6,10.4,21.0,1.4,-3.2,-0.5,4990560.0,0.366,15.4230588862582,1,Low Efficiency Creator,7019547.068299315,-2028987.068299315
103,103,Jerami Grant,30.0,POR,47.0,32.4,14.4,0.373,0.365,0.849,10.9,0.523,0.516,5.8,9.5,1.3,2.7,9.1,19.4,1.8,-1.6,0.1,32000001.0,0.439,17.281246523264,5,3&D Specialist,17947406.38687032,14052594.61312968
104,104,Payton Pritchard,27.0,BOS,80.0,28.4,14.3,0.472,0.407,0.845,17.6,0.633,0.723,7.3,18.1,1.5,0.6,8.4,19.0,8.6,3.5,3.2,7232143.0,0.744,15.794046092360343,7,High - Impact Starter / Primary Option,19551358.684836555,-12319215.684836555
105,105,Naz Reid,25.0,MIN,80.0,27.5,14.2,0.462,0.379,0.776,15.8,0.577,0.501,12.1,12.6,1.3,3.0,9.9,21.5,5.7,1.6,2.0,21551724.0,0.598,16.8859664177142,7,High - Impact Starter / Primary Option,16681600.484788893,4870123.515211107
106,106,Dyson Daniels,21.0,ATL,76.0,33.8,14.1,0.493,0.34,0.593,15.6,0.545,0.255,9.6,17.9,4.2,2.0,13.6,18.2,5.0,1.5,2.3,7707709.0,0.488,15.857731684560047,7,High - Impact Starter / Primary Option,10490711.29702785,-2783002.2970278505
107,107,Tre Mann,23.0,CHO,13.0,24.5,14.1,0.435,0.4,0.905,13.3,0.537,0.373,6.3,21.2,1.1,1.2,12.8,26.0,0.1,-2.4,0.0,8000000.0,0.232,15.894952224644102,3,High Volume Inefficient Scorer,7733094.074071506,266905.92592849396
108,108,Amen Thompson,22.0,HOU,69.0,32.2,14.1,0.557,0.275,0.684,18.7,0.602,0.131,13.5,16.9,2.1,3.6,14.6,17.5,8.0,4.1,3.4,9690600.0,0.634,16.08666700464744,7,High - Impact Starter / Primary Option,13995822.845559843,-4305222.845559843
109,109,Fred VanVleet,30.0,HOU,60.0,35.2,14.1,0.378,0.345,0.81,12.8,0.515,0.607,5.6,21.2,2.2,1.1,9.6,17.7,5.2,0.9,1.5,25000000.0,0.634,17.034386422832473,5,3&D Specialist,21774687.592313897,3225312.407686103
110,110,Dillon Brooks,29.0,HOU,75.0,31.8,14.0,0.429,0.397,0.818,11.0,0.555,0.524,6.1,7.4,1.2,0.6,7.4,17.7,5.1,-1.4,0.4,21124110.0,0.634,16.865925647481767,5,3&D Specialist,16753082.434085825,4371027.565914175
111,111,Klay Thompson,34.0,DAL,72.0,27.3,14.0,0.412,0.391,0.905,12.9,0.552,0.631,6.8,10.7,1.2,1.3,8.8,21.8,1.8,-1.0,0.5,16666667.0,0.476,16.62892135472431,5,3&D Specialist,14934571.334432116,1732095.6655678842
112,112,Bobby Portis,29.0,MIL,49.0,25.4,13.9,0.466,0.365,0.836,17.7,0.542,0.299,18.0,12.9,1.4,1.9,8.3,24.1,2.7,0.2,0.7,13445754.0,0.585,16.414174000812835,3,High Volume Inefficient Scorer,13024463.01467835,421290.9853216503
113,113,Tobias Harris,32.0,DET,73.0,31.6,13.7,0.477,0.345,0.861,13.9,0.571,0.328,10.4,9.8,1.5,2.4,8.8,17.6,5.2,0.1,1.2,26634146.0,0.537,17.097704672290092,5,3&D Specialist,17998312.003197096,8635833.996802904
114,114,Josh Hart,29.0,NYK,77.0,37.6,13.6,0.525,0.333,0.776,16.5,0.611,0.327,14.6,20.7,2.0,0.9,15.5,15.3,9.2,2.8,3.6,19472240.0,0.622,16.78450047087895,7,High - Impact Starter / Primary Option,20692372.812272567,-1220132.8122725673
115,115,Jarrett Allen,26.0,CLE,82.0,28.0,13.5,0.706,0.0,0.718,22.1,0.724,0.008,18.8,9.5,1.6,2.9,11.3,15.9,11.6,4.2,3.6,20000000.0,0.78,16.811242881518265,4,Defensive Anchor / Elite Rebounder,17709197.88267679,2290802.1173232086
116,116,Onyeka Okongwu,24.0,ATL,74.0,27.9,13.4,0.567,0.324,0.759,19.0,0.634,0.216,17.5,11.4,1.6,3.0,10.4,17.3,7.2,1.3,1.7,15000000.0,0.488,16.52356082573315,7,High - Impact Starter / Primary Option,14967660.379945919,32339.620054081082
117,117,Naji Marshall,27.0,DAL,69.0,27.8,13.2,0.508,0.275,0.813,15.1,0.584,0.306,9.3,15.8,1.8,0.5,12.5,20.0,3.5,-0.8,0.6,9000000.0,0.476,16.012735246411598,5,3&D Specialist,12389251.261922276,-3389251.2619222756
118,118,Dennis SchrÃ¶der,31.0,DET,75.0,28.1,13.1,0.406,0.342,0.838,12.7,0.531,0.449,5.2,28.7,1.5,0.6,13.3,21.6,3.2,-2.2,-0.1,14104000.0,0.537,16.46196907396171,1,Low Efficiency Creator,13662218.263847046,441781.7361529544
119,119,Rui Hachimura,26.0,LAL,59.0,31.7,13.1,0.509,0.413,0.77,13.6,0.619,0.429,8.9,6.4,1.2,1.3,7.3,15.8,4.3,-0.7,0.6,18259259.0,0.61,16.720182906570585,5,3&D Specialist,15195542.35877584,3063716.641224161
120,120,Brook Lopez,36.0,MIL,80.0,31.8,13.0,0.509,0.373,0.826,14.8,0.624,0.482,8.6,7.8,0.9,5.4,9.1,15.8,6.6,0.8,1.8,8750000.0,0.585,15.984564372619506,5,3&D Specialist,15237393.462780282,-6487393.462780282
121,121,Alex Sarr,19.0,WAS,67.0,27.1,13.0,0.394,0.308,0.679,12.9,0.482,0.412,12.5,13.9,1.2,5.0,11.2,23.5,-0.3,-3.3,-0.6,11808240.0,0.22,16.284308235505712,1,Low Efficiency Creator,7547637.6550819175,4260602.3449180825
122,122,Moritz Wagner,27.0,ORL,30.0,18.8,12.9,0.562,0.36,0.718,22.3,0.649,0.301,15.0,13.7,2.1,2.0,14.1,26.8,2.0,4.0,0.9,5000000.0,0.5,15.424948670398354,6,Versatile Player,8935070.452833438,-3935070.4528334383
123,123,Scoot Henderson,20.0,POR,66.0,26.7,12.7,0.419,0.354,0.767,12.5,0.54,0.434,6.1,28.1,1.9,0.7,18.6,22.5,1.8,-2.2,-0.1,10748040.0,0.439,16.190234063373435,1,Low Efficiency Creator,8948653.350547057,1799386.6494529434
124,124,Keldon Johnson,25.0,SAS,77.0,23.9,12.7,0.482,0.318,0.773,15.6,0.572,0.356,10.8,10.2,1.3,1.1,8.3,21.6,3.2,-1.6,0.2,17500000.0,0.415,16.677711496036597,5,3&D Specialist,9619145.769123843,7880854.230876157
125,125,D'Angelo Russell,28.0,LAL,58.0,25.5,12.6,0.39,0.314,0.834,14.0,0.522,0.564,6.2,31.2,1.9,1.5,13.3,24.0,1.9,-0.4,0.6,5685000.0,0.61,15.553341861068253,3,High Volume Inefficient Scorer,10592549.604188226,-4907549.604188226
126,126,Zaccharie Risacher,19.0,ATL,75.0,24.6,12.6,0.458,0.355,0.711,12.2,0.558,0.442,8.0,7.1,1.3,1.8,9.8,20.9,1.8,-3.5,-0.7,13197720.0,0.488,16.395554721135458,1,Low Efficiency Creator,6947087.018549231,6250632.981450769
127,127,Santi Aldama,24.0,MEM,65.0,25.5,12.5,0.483,0.368,0.691,16.8,0.588,0.503,13.3,15.2,1.5,1.6,9.3,18.5,5.0,3.2,2.2,18485916.0,0.585,16.732519756912545,7,High - Impact Starter / Primary Option,11506958.020840015,6978957.979159985
128,128,Ty Jerome,27.0,CLE,70.0,19.9,12.5,0.516,0.439,0.872,21.0,0.643,0.409,6.7,24.5,2.7,0.2,11.9,23.6,5.9,4.3,2.2,8781000.0,0.78,15.988100968224373,7,High - Impact Starter / Primary Option,11378637.882422196,-2597637.8824221957
129,129,Keegan Murray,24.0,SAC,76.0,34.3,12.4,0.444,0.343,0.833,12.0,0.553,0.548,10.9,5.6,1.1,2.6,6.6,15.0,4.4,-1.6,0.2,11144093.0,0.488,16.22642022943851,5,3&D Specialist,12584048.33681462,-1439955.3368146196
130,130,Harrison Barnes,32.0,SAS,82.0,27.2,12.3,0.508,0.433,0.809,14.9,0.656,0.527,7.4,8.6,0.8,0.6,6.1,15.7,5.6,0.0,1.2,19000000.0,0.415,16.759949589762293,5,3&D Specialist,14218607.835445106,4781392.164554894
131,131,Bilal Coulibaly,20.0,WAS,59.0,33.0,12.3,0.421,0.281,0.746,10.8,0.515,0.359,7.8,14.9,1.9,1.9,15.1,17.9,0.3,-3.7,-0.8,7275600.0,0.22,15.80003697929352,1,Low Efficiency Creator,7142995.298846745,132604.70115325507
132,132,Ayo Dosunmu,25.0,CHI,46.0,30.3,12.3,0.492,0.328,0.785,12.8,0.585,0.421,6.1,20.2,1.4,1.1,12.5,16.6,2.5,-1.6,0.1,7518518.0,0.476,15.83287973504114,1,Low Efficiency Creator,13669633.464335876,-6151115.464335876
133,133,Daniel Gafford,26.0,DAL,57.0,21.5,12.3,0.702,0.0,0.689,24.7,0.716,0.0,17.2,10.2,0.9,7.1,11.9,19.5,5.9,3.8,1.8,14386320.0,0.476,16.481788382520712,4,Defensive Anchor / Elite Rebounder,11725715.54053117,2660604.4594688304
134,134,Jaden McDaniels,24.0,MIN,82.0,31.9,12.2,0.477,0.33,0.813,13.3,0.562,0.363,10.0,9.0,2.1,2.6,9.6,16.3,6.3,0.0,1.4,24393104.0,0.598,17.00981106836241,5,3&D Specialist,16546266.146622136,7846837.853377864
135,135,Jabari Smith Jr.,21.0,HOU,57.0,30.1,12.2,0.438,0.354,0.825,12.6,0.562,0.489,12.4,4.7,0.7,2.1,8.9,16.4,4.2,-0.7,0.6,12350392.0,0.634,16.329198442394304,5,3&D Specialist,11299510.300538734,1050881.6994612664
136,136,Caris LeVert,30.0,CLE,64.0,24.9,12.1,0.467,0.373,0.71,15.2,0.582,0.474,6.9,18.1,1.7,1.9,10.2,19.4,4.0,0.9,1.2,14104000.0,0.78,16.46196907396171,5,3&D Specialist,13698305.840584071,405694.15941592865
137,137,Drew Timme,24.0,BRK,9.0,28.2,12.1,0.441,0.257,0.625,11.0,0.5,0.343,14.5,13.1,0.8,0.4,12.1,21.3,0.0,-6.7,-0.3,1955377.0,0.317,14.48609408309546,1,Low Efficiency Creator,5654821.667362048,-3699444.6673620483
138,138,Tari Eason,23.0,HOU,57.0,24.9,12.0,0.487,0.342,0.76,18.5,0.567,0.329,13.6,8.5,3.3,3.2,9.7,19.4,5.0,3.6,2.0,5675766.0,0.634,15.551716266384258,6,Versatile Player,7866098.38722175,-2190332.38722175
139,139,Rudy Gobert,32.0,MIN,72.0,33.2,12.0,0.669,0.0,0.674,18.3,0.687,0.0,18.2,7.5,1.2,4.1,12.4,13.0,10.1,1.9,2.4,35000000.0,0.598,17.370858648025116,4,Defensive Anchor / Elite Rebounder,20946325.518419035,14053674.481580965
140,140,Aaron Nesmith,25.0,IND,45.0,25.0,12.0,0.507,0.431,0.913,14.6,0.653,0.515,8.8,6.6,1.5,1.4,8.2,17.4,2.9,-0.5,0.4,11000000.0,0.61,16.213405921671733,5,3&D Specialist,8037593.7757733185,2962406.2242266815
141,141,Aaron Wiggins,26.0,OKC,76.0,22.9,12.0,0.488,0.383,0.831,16.1,0.596,0.466,9.1,10.6,1.7,1.0,8.3,20.3,5.4,1.1,1.4,10102803.0,0.829,16.12832356704352,5,3&D Specialist,12577526.883340476,-2474723.883340476
142,142,Khris Middleton,33.0,MIL,37.0,22.8,11.9,0.475,0.361,0.857,16.7,0.588,0.395,8.7,26.8,2.0,0.9,13.0,22.0,2.0,0.7,0.6,33296296.0,0.585,17.32095674756616,3,High Volume Inefficient Scorer,15638879.199761497,17657416.800238505
143,143,Jalen Duren,21.0,DET,78.0,26.1,11.8,0.692,0.0,0.669,21.4,0.703,0.0,22.0,14.7,1.3,4.2,17.2,16.4,9.2,3.1,2.7,6483144.0,0.537,15.684716290095508,4,Defensive Anchor / Elite Rebounder,7881709.288369889,-1398565.2883698894
144,144,Donte DiVincenzo,28.0,MIN,62.0,25.9,11.7,0.422,0.397,0.778,14.1,0.582,0.739,7.9,20.2,2.2,1.0,13.8,19.4,3.9,1.9,1.6,11990000.0,0.598,16.29958361040653,5,3&D Specialist,11716867.92484739,273132.0751526095
145,145,Brandin Podziemski,21.0,GSW,64.0,26.8,11.7,0.445,0.372,0.758,14.4,0.557,0.491,10.2,18.7,2.0,0.7,10.1,18.3,4.2,0.7,1.2,3687960.0,0.585,15.120584288765397,5,3&D Specialist,6782916.072853494,-3094956.0728534944
146,146,Corey Kispert,25.0,WAS,61.0,26.3,11.6,0.451,0.364,0.852,11.0,0.584,0.584,5.9,9.7,0.8,0.8,9.6,17.5,1.1,-3.7,-0.7,13975000.0,0.22,16.452780648561784,1,Low Efficiency Creator,7863340.785307658,6111659.214692342
147,147,Jeremy Sochan,21.0,SAS,54.0,25.3,11.4,0.535,0.308,0.696,15.9,0.589,0.194,13.8,13.7,1.6,1.8,13.8,19.0,2.7,-1.2,0.3,7096231.0,0.415,15.77507449691286,6,Versatile Player,6392549.018303902,703681.9816960981
148,148,Toumani Camara,24.0,POR,78.0,32.7,11.3,0.458,0.375,0.722,12.5,0.572,0.503,9.6,9.6,2.2,1.8,12.4,14.4,5.2,-0.1,1.2,2221677.0,0.439,14.613773324189143,5,3&D Specialist,13735516.72583357,-11513839.72583357
149,149,Isaiah Hartenstein,26.0,OKC,57.0,27.9,11.2,0.581,0.0,0.675,18.9,0.599,0.04,20.6,18.3,1.4,3.9,15.3,16.7,6.8,3.2,2.1,28500000.0,0.829,17.1654146803266,4,Defensive Anchor / Elite Rebounder,19413561.477475565,9086438.522524435
150,150,Buddy Hield,32.0,GSW,82.0,22.7,11.1,0.417,0.37,0.828,12.3,0.56,0.698,7.6,10.7,1.8,1.2,10.1,20.5,2.8,-1.0,0.5,9219512.0,0.585,16.03683277418114,5,3&D Specialist,10521893.754466947,-1302381.7544669472
151,151,Jrue Holiday,34.0,BOS,62.0,30.6,11.1,0.443,0.353,0.909,13.5,0.565,0.534,7.6,17.3,1.7,1.3,11.3,15.8,5.1,0.7,1.3,32400000.0,0.744,17.293669011626754,5,3&D Specialist,19905048.02994197,12494951.970058031
152,152,Walker Kessler,23.0,UTA,58.0,30.0,11.1,0.663,0.176,0.52,20.0,0.66,0.081,21.9,8.3,1.0,7.4,15.0,13.7,5.4,1.8,1.7,4878938.0,0.207,15.400438336157816,4,Defensive Anchor / Elite Rebounder,12872638.11402365,-7993700.11402365
153,153,Gary Trent Jr.,26.0,MIL,74.0,25.6,11.1,0.431,0.416,0.848,11.7,0.591,0.659,4.8,6.4,1.8,0.2,5.7,17.1,3.3,-1.6,0.2,3697105.0,0.585,15.12306090940387,5,3&D Specialist,5710627.254553078,-2013522.2545530777
154,154,Tim Hardaway Jr.,32.0,DET,77.0,28.0,11.0,0.406,0.368,0.855,9.8,0.567,0.672,4.7,7.6,0.8,0.3,6.1,15.5,3.5,-2.1,0.0,2296274.0,0.537,14.646798802768483,5,3&D Specialist,6454578.605925556,-4158304.6059255563
155,155,Duncan Robinson,30.0,MIA,74.0,24.1,11.0,0.437,0.393,0.887,11.8,0.595,0.729,5.2,14.7,1.1,0.3,11.1,19.2,2.7,-1.7,0.1,26722692.0,0.451,17.101023687482304,5,3&D Specialist,13096473.765881453,13626218.234118547
156,156,Guerschon Yabusele,29.0,PHI,70.0,27.1,11.0,0.501,0.38,0.725,14.7,0.616,0.487,11.8,11.6,1.5,1.2,12.2,16.3,3.9,-1.0,0.5,5500000.0,0.293,15.520258832020865,5,3&D Specialist,8206776.0395901175,-2706776.0395901175
157,157,Brice Sensabaugh,21.0,UTA,71.0,20.2,10.9,0.459,0.422,0.89,13.4,0.612,0.621,7.9,12.0,1.5,0.5,14.5,21.5,1.2,-1.2,0.3,2693760.0,0.207,14.80644891635254,1,Low Efficiency Creator,3664119.9172817976,-970359.9172817976
158,158,Bogdan BogdanoviÄ‡,32.0,LAC,54.0,25.0,10.8,0.427,0.363,0.879,11.1,0.559,0.587,6.6,15.2,1.5,0.8,12.4,18.7,1.9,-2.0,0.0,16020000.0,0.61,16.58934856202646,5,3&D Specialist,10916514.00967882,5103485.99032118
159,159,Jordan Hawkins,22.0,NOP,56.0,23.6,10.8,0.372,0.331,0.816,9.6,0.504,0.597,6.5,7.3,1.1,1.7,8.8,21.0,-0.5,-5.4,-1.2,4741320.0,0.256,15.371826346826984,1,Low Efficiency Creator,4124063.6666086735,617256.3333913265
160,160,Nikola JoviÄ‡,21.0,MIA,46.0,25.1,10.7,0.456,0.371,0.828,13.8,0.595,0.557,8.6,16.6,1.6,1.1,12.6,18.3,2.5,0.3,0.7,4445417.0,0.451,15.307384460754042,1,Low Efficiency Creator,5360695.733843741,-915278.733843741
161,161,Grayson Allen,29.0,PHO,64.0,24.1,10.6,0.448,0.426,0.816,13.7,0.631,0.716,7.0,12.5,1.7,1.2,12.2,17.6,2.5,-0.3,0.7,16875000.0,0.439,16.641343853982125,5,3&D Specialist,11968093.473628314,4906906.526371686
162,162,Keon Johnson,22.0,BRK,79.0,24.4,10.6,0.389,0.314,0.77,10.4,0.499,0.515,8.8,14.6,2.1,1.5,12.1,21.7,0.5,-3.3,-0.6,2349578.0,0.317,14.669746721135084,1,Low Efficiency Creator,3422916.1249036714,-1073338.1249036714
163,163,Terry Rozier,30.0,MIA,64.0,25.9,10.6,0.391,0.295,0.852,10.5,0.497,0.485,7.9,14.8,1.1,0.8,10.3,20.4,1.0,-3.7,-0.7,26643031.0,0.451,17.098038210973975,1,Low Efficiency Creator,11578776.19991778,15064254.80008222
164,164,Obi Toppin,26.0,IND,79.0,19.6,10.5,0.529,0.365,0.781,17.4,0.642,0.503,11.5,11.9,1.4,1.6,9.5,20.1,4.3,1.7,1.4,14000000.0,0.61,16.454567959008102,5,3&D Specialist,10760461.97184106,3239538.0281589404
165,165,Jonas ValanÄiÅ«nas,32.0,WAS,81.0,18.8,10.4,0.55,0.216,0.879,20.8,0.602,0.059,22.0,17.6,1.2,2.8,14.6,22.8,4.3,0.6,1.0,10395000.0,0.22,16.156835575474343,4,Defensive Anchor / Elite Rebounder,9780844.448987493,614155.5510125067
166,166,Ochai Agbaji,24.0,TOR,64.0,27.2,10.4,0.498,0.399,0.708,12.0,0.601,0.474,7.5,7.9,1.6,1.6,8.9,14.6,3.1,-0.7,0.5,6383525.0,0.366,15.669231167234951,5,3&D Specialist,6322727.753367702,60797.246632298455
167,167,Jaylen Wells,21.0,MEM,79.0,25.9,10.4,0.425,0.352,0.822,10.5,0.56,0.58,6.9,8.4,1.0,0.4,8.6,15.9,3.5,-2.2,-0.1,1955377.0,0.585,14.48609408309546,5,3&D Specialist,3829546.9165206337,-1874169.9165206337
168,168,Grant Williams,26.0,CHO,16.0,29.9,10.4,0.439,0.365,0.838,11.5,0.596,0.602,9.1,11.3,1.8,2.7,16.7,14.8,0.7,-1.6,0.1,13645500.0,0.232,16.428920428196594,1,Low Efficiency Creator,7915050.237821191,5730449.762178809
169,169,Kevin Porter Jr.,24.0,LAC,75.0,19.8,10.3,0.449,0.311,0.769,15.4,0.531,0.271,10.4,25.9,2.7,0.9,15.8,25.4,2.2,-0.6,0.5,5134000.0,0.61,15.451395835193102,1,Low Efficiency Creator,5808370.40235166,-674370.4023516597
170,170,Jose Alvarado,26.0,NOP,56.0,24.4,10.3,0.392,0.359,0.811,13.4,0.523,0.593,5.4,27.3,2.6,1.0,13.4,19.8,1.2,-1.4,0.2,4500000.0,0.256,15.319588176962746,1,Low Efficiency Creator,5674138.054506692,-1174138.054506692
171,171,Nic Claxton,25.0,BRK,70.0,26.9,10.3,0.563,0.238,0.513,16.5,0.569,0.037,15.5,13.7,1.6,5.3,12.0,16.8,4.3,0.4,1.1,25352272.0,0.317,17.04837894867611,4,Defensive Anchor / Elite Rebounder,13597433.364359338,11754838.635640662
172,172,Herbert Jones,26.0,NOP,20.0,32.4,10.3,0.436,0.306,0.825,10.4,0.541,0.419,6.5,13.8,2.8,1.3,15.6,14.6,0.4,-3.6,-0.3,13937574.0,0.256,16.45009898833605,1,Low Efficiency Creator,7607173.883764277,6330400.116235723
173,173,De'Anthony Melton,26.0,GSW,6.0,20.2,10.3,0.407,0.371,0.625,13.3,0.539,0.648,8.9,21.1,2.8,1.6,14.8,23.5,0.2,-0.8,0.0,3080921.0,0.585,14.94073946080264,2,Low Impact / End of Bench,4976564.824831117,-1895643.824831117
174,174,Isaiah Joe,25.0,OKC,74.0,21.7,10.2,0.44,0.412,0.821,14.0,0.617,0.793,6.6,9.7,1.4,0.6,5.8,17.2,5.1,1.3,1.4,12362338.0,0.829,16.330165231572487,5,3&D Specialist,10818272.117654705,1544065.8823452946
175,175,Tyus Jones,28.0,PHO,81.0,26.8,10.2,0.448,0.414,0.895,14.5,0.585,0.587,5.0,27.7,1.6,0.3,11.4,16.2,4.4,0.1,1.1,7000000.0,0.439,15.76142084987672,5,3&D Specialist,10301311.061519897,-3301311.0615198966
176,176,Trendon Watford,24.0,BRK,44.0,20.8,10.2,0.469,0.33,0.762,13.0,0.557,0.251,9.9,21.0,1.5,1.3,17.1,23.3,0.7,-3.1,-0.3,2461463.0,0.317,14.716266852844925,1,Low Efficiency Creator,3465126.6987009086,-1003663.6987009086
177,177,Luguentz Dort,25.0,OKC,71.0,29.2,10.1,0.435,0.412,0.717,11.3,0.586,0.696,7.6,6.9,1.8,1.9,7.7,13.6,5.6,0.2,1.2,18222222.0,0.829,16.71815245113518,5,3&D Specialist,14883164.732022187,3339057.2679778133
178,178,Justin Edwards,21.0,PHI,44.0,26.3,10.1,0.455,0.363,0.696,11.3,0.559,0.503,7.3,8.9,1.9,1.4,11.0,16.9,0.9,-3.7,-0.5,2048494.0,0.293,14.532615935155736,1,Low Efficiency Creator,3450581.8817174467,-1402087.8817174467
179,179,Derrick Jones Jr.,27.0,LAC,77.0,24.3,10.1,0.526,0.356,0.703,13.5,0.609,0.372,8.0,4.6,2.1,1.7,9.3,16.5,4.7,-0.3,0.8,10000000.0,0.61,16.118095750958314,5,3&D Specialist,8861040.09034753,1138959.9096524697
180,180,Ausar Thompson,22.0,DET,59.0,22.5,10.1,0.535,0.224,0.641,17.2,0.568,0.107,12.6,14.4,3.5,2.9,13.3,19.1,3.8,1.7,1.2,8775000.0,0.537,15.98741744127631,6,Versatile Player,6597743.522914874,2177256.4770851256
181,181,Chris Boucher,32.0,TOR,50.0,17.2,10.0,0.492,0.363,0.782,18.7,0.615,0.522,13.9,5.9,1.3,2.8,6.6,21.2,2.7,2.3,0.9,2296274.0,0.366,14.646798802768483,6,Versatile Player,7457221.454340444,-5160947.454340444
182,182,Andrew Nembhard,25.0,IND,65.0,28.9,10.0,0.458,0.291,0.794,11.7,0.545,0.325,6.4,22.5,2.0,0.5,15.8,16.3,2.8,-2.3,-0.1,18102000.0,0.61,16.711533042611766,1,Low Efficiency Creator,12898413.140187055,5203586.859812945
183,183,Ziaire Williams,23.0,BRK,63.0,24.5,10.0,0.412,0.341,0.821,11.9,0.55,0.581,10.6,8.5,2.0,1.8,10.5,18.2,2.1,-2.3,-0.1,6250000.0,0.317,15.648092181712572,1,Low Efficiency Creator,4663885.952352587,1586114.0476474129
184,184,Kevin Huerter,26.0,SAC,69.0,24.3,9.9,0.425,0.338,0.714,11.3,0.544,0.647,6.7,12.6,1.9,1.3,9.7,17.5,1.9,-2.0,0.0,17991071.0,0.488,16.705386192811748,5,3&D Specialist,8535673.811977018,9455397.188022982
185,185,Georges Niang,31.0,CLE,79.0,21.5,9.9,0.461,0.406,0.793,11.2,0.607,0.66,8.7,8.8,0.8,0.8,11.3,17.9,2.9,-2.3,-0.1,8200000.0,0.78,15.919644834185693,5,3&D Specialist,6903405.560361942,1296594.4396380577
186,186,Julian Champagnie,23.0,SAS,82.0,23.6,9.9,0.415,0.371,0.904,12.2,0.577,0.722,8.8,7.9,1.5,1.6,9.5,17.2,2.5,-1.3,0.4,3000000.0,0.415,14.914123179965662,5,3&D Specialist,4199686.199986431,-1199686.1999864308
187,187,Scotty Pippen Jr.,24.0,MEM,79.0,21.3,9.9,0.48,0.397,0.713,15.8,0.582,0.369,8.1,27.1,2.8,1.6,17.1,19.3,4.7,1.9,1.7,2270735.0,0.585,14.635614565981587,7,High - Impact Starter / Primary Option,5777995.269453237,-3507260.269453237
188,188,Nick Smith Jr.,20.0,CHO,60.0,22.8,9.9,0.391,0.34,0.935,8.3,0.502,0.539,5.0,16.7,0.6,0.4,12.2,20.8,-0.5,-5.7,-1.3,2710680.0,0.232,14.812710452800374,1,Low Efficiency Creator,3573645.617303894,-862965.6173038939
189,189,Bub Carrington,19.0,WAS,82.0,30.0,9.8,0.401,0.339,0.812,9.0,0.514,0.544,7.2,21.2,1.0,0.8,15.2,15.8,0.2,-4.6,-1.6,4677600.0,0.22,15.358295929628422,1,Low Efficiency Creator,5437179.097026486,-759579.097026486
190,190,Moses Moody,22.0,GSW,74.0,22.3,9.8,0.433,0.374,0.797,12.4,0.578,0.593,6.2,8.3,1.7,1.8,7.9,17.4,3.5,-0.9,0.5,11574075.0,0.585,16.26427832753639,5,3&D Specialist,6158186.044522482,5415888.955477518
191,191,Amir Coffey,27.0,LAC,72.0,24.3,9.7,0.471,0.409,0.891,11.2,0.614,0.484,5.2,6.1,1.1,0.4,7.4,15.3,4.0,-1.7,0.1,2296274.0,0.61,14.646798802768483,5,3&D Specialist,4314627.1839080965,-2018353.1839080965
192,192,Max Christie,21.0,LAL,78.0,27.3,9.6,0.427,0.366,0.855,10.4,0.57,0.532,6.7,9.2,1.5,1.3,11.8,15.2,2.7,-2.5,-0.3,7714286.0,0.61,15.858584622139889,5,3&D Specialist,5804421.319791497,1909864.6802085033
193,193,Kyle Filipowski,21.0,UTA,72.0,21.1,9.6,0.502,0.35,0.65,14.9,0.594,0.425,15.6,13.9,1.5,1.4,14.9,18.7,2.5,-1.0,0.4,3000000.0,0.207,14.914123179965662,1,Low Efficiency Creator,3900317.495051462,-900317.4950514622
194,194,Miles McBride,24.0,NYK,64.0,24.9,9.5,0.406,0.369,0.813,12.6,0.531,0.57,5.8,15.6,2.1,1.0,6.7,16.8,3.2,0.0,0.8,4333333.0,0.622,15.281847780603844,5,3&D Specialist,6049578.7049312815,-1716245.7049312815
195,195,Jalen Wilson,24.0,BRK,79.0,25.7,9.5,0.397,0.337,0.818,9.5,0.541,0.584,7.5,10.8,1.0,0.2,10.2,16.6,1.9,-3.9,-1.0,2221677.0,0.317,14.613773324189143,1,Low Efficiency Creator,3629501.983456811,-1407824.983456811
196,196,Nickeil Alexander-Walker,26.0,MIN,82.0,25.3,9.4,0.438,0.381,0.78,11.6,0.579,0.601,7.1,15.0,1.2,1.5,12.9,16.0,4.3,-0.4,0.8,15161800.0,0.598,16.534289730594697,5,3&D Specialist,8638323.78645497,6523476.21354503
197,197,Cole Anthony,24.0,ORL,67.0,18.4,9.4,0.424,0.353,0.823,14.2,0.531,0.401,9.5,25.5,1.8,2.5,14.8,24.6,2.0,0.1,0.7,15396274.0,0.5,16.549636155008535,1,Low Efficiency Creator,6896776.9733392075,8499497.026660793
198,198,Anthony Black,21.0,ORL,78.0,24.2,9.4,0.423,0.318,0.761,11.6,0.521,0.315,7.0,19.4,2.3,2.4,16.4,19.6,2.4,-1.9,0.0,7970280.0,0.5,15.89123030735943,1,Low Efficiency Creator,5421310.506762267,2548969.493237733
199,199,Max Strus,28.0,CLE,50.0,25.5,9.4,0.442,0.386,0.824,12.6,0.607,0.786,9.2,15.6,1.0,0.9,12.2,14.7,3.4,1.3,1.1,15936452.0,0.78,16.58411968460732,5,3&D Specialist,11759124.914761467,4177327.085238533
200,200,Cam Whitmore,20.0,HOU,51.0,16.2,9.4,0.444,0.355,0.75,15.5,0.549,0.454,9.7,8.9,1.8,1.4,9.6,23.9,1.8,0.3,0.5,3539760.0,0.634,15.079569768706484,6,Versatile Player,4352187.665482218,-812427.6654822184
201,201,Nick Richards,27.0,PHO,57.0,22.0,9.3,0.591,0.0,0.744,16.6,0.634,0.006,20.4,5.9,0.5,4.2,16.3,17.3,3.0,-3.3,-0.4,5000000.0,0.439,15.424948670398354,4,Defensive Anchor / Elite Rebounder,5272586.878454579,-272586.87845457904
202,202,Kel'el Ware,20.0,MIA,64.0,22.2,9.3,0.554,0.315,0.687,17.4,0.603,0.239,18.4,6.5,1.4,4.8,10.4,17.2,4.1,-0.1,0.7,4443360.0,0.451,15.306921630024036,4,Defensive Anchor / Elite Rebounder,5671272.232290024,-1227912.232290024
203,203,Zach Edey,22.0,MEM,66.0,21.5,9.2,0.58,0.346,0.709,18.2,0.624,0.12,20.5,6.1,1.2,5.5,15.3,16.4,4.9,-0.1,0.7,6045000.0,0.585,15.614742207456988,4,Defensive Anchor / Elite Rebounder,6203412.864816996,-158412.86481699627
204,204,Wendell Carter Jr.,25.0,ORL,68.0,25.9,9.1,0.46,0.234,0.737,13.7,0.544,0.322,16.0,11.5,1.5,2.2,11.9,16.0,4.6,-1.2,0.3,10850000.0,0.5,16.19967573011664,1,Low Efficiency Creator,8687912.868653245,2162087.1313467547
205,205,Noah Clowney,20.0,BRK,46.0,22.7,9.1,0.358,0.333,0.838,9.2,0.516,0.702,9.9,5.9,1.1,2.0,10.2,19.0,0.5,-4.1,-0.5,3398640.0,0.317,15.038886203800349,1,Low Efficiency Creator,3657176.71410388,-258536.71410387987
206,206,Dalton Knecht,23.0,LAL,78.0,19.2,9.1,0.461,0.376,0.762,12.7,0.594,0.61,8.1,6.5,0.8,0.5,5.9,18.5,2.7,-1.8,0.1,4010160.0,0.61,15.204341948102712,5,3&D Specialist,4222577.782321947,-212417.7823219467
207,207,T.J. McConnell,32.0,IND,79.0,17.9,9.1,0.519,0.306,0.74,18.4,0.547,0.079,7.6,37.0,2.8,1.3,14.2,23.4,3.2,1.2,1.2,10200000.0,0.61,16.13789837629371,7,High - Impact Starter / Primary Option,8964237.999969311,1235762.000030689
208,208,Yves Missi,20.0,NOP,73.0,26.8,9.1,0.547,0.0,0.623,15.4,0.572,0.002,16.6,7.2,0.9,4.8,12.4,14.3,3.6,-3.0,-0.5,3353040.0,0.256,15.025378253229258,4,Defensive Anchor / Elite Rebounder,5030156.1633478785,-1677116.1633478785
209,209,Royce O'Neale,31.0,PHO,75.0,24.5,9.1,0.423,0.406,0.731,12.6,0.585,0.774,10.6,12.3,1.8,1.7,10.1,15.5,2.8,0.1,1.0,10125000.0,0.439,16.130518269722305,5,3&D Specialist,10037074.312205924,87925.68779407628
210,210,Marcus Smart,30.0,MEM,34.0,20.0,9.0,0.393,0.348,0.761,12.4,0.529,0.549,5.6,21.7,2.7,1.2,15.8,20.6,0.7,-1.5,0.1,26720855.0,0.585,17.100954942047725,2,Low Impact / End of Bench,10344115.454544501,16376739.545455499
211,211,Draymond Green,34.0,GSW,68.0,29.2,9.0,0.424,0.325,0.687,12.4,0.534,0.483,11.2,26.2,2.4,3.4,23.3,15.9,3.7,0.5,1.3,25892857.0,0.585,17.069477735747192,1,Low Efficiency Creator,16668538.924591145,9224318.075408855
212,212,Al Horford,38.0,BOS,60.0,27.7,9.0,0.423,0.363,0.895,12.9,0.563,0.681,12.1,10.4,1.1,2.8,8.8,13.8,4.4,1.2,1.3,5685000.0,0.744,15.553341861068253,5,3&D Specialist,8949837.226936864,-3264837.2269368637
213,213,Julian Strawther,22.0,DEN,65.0,21.3,9.0,0.432,0.349,0.822,9.5,0.559,0.553,5.6,7.6,1.4,1.0,9.8,17.8,1.3,-4.5,-0.9,2674200.0,0.61,14.79916120210624,1,Low Efficiency Creator,3773756.0262427824,-1099556.0262427824
214,214,Patrick Williams,23.0,CHI,63.0,25.0,9.0,0.397,0.353,0.723,9.0,0.512,0.527,7.9,10.3,1.4,1.8,13.5,16.9,0.4,-3.7,-0.7,18000000.0,0.476,16.705882371415992,1,Low Efficiency Creator,6132785.446496941,11867214.553503059
215,215,Jusuf NurkiÄ‡,30.0,CHO,51.0,20.8,8.9,0.477,0.305,0.664,15.2,0.555,0.298,20.5,16.8,1.9,3.1,19.2,20.6,1.5,-1.3,0.2,19375000.0,0.232,16.77949418481659,6,Versatile Player,11702253.675673177,7672746.3243268225
216,216,Clint Capela,30.0,ATL,55.0,21.4,8.9,0.559,0.0,0.536,17.7,0.564,0.003,21.8,7.4,1.4,4.1,9.8,16.7,3.2,-1.0,0.3,6700000.0,0.488,15.717618233614914,4,Defensive Anchor / Elite Rebounder,7484239.134076427,-784239.1340764267
217,217,Luke Kennard,28.0,MEM,65.0,22.6,8.9,0.478,0.433,0.895,13.6,0.631,0.606,6.6,18.5,1.6,0.3,13.6,14.5,3.9,1.1,1.2,11000000.0,0.585,16.213405921671733,5,3&D Specialist,10165425.317257842,834574.682742158
218,218,Justin Champagnie,23.0,WAS,62.0,21.6,8.8,0.511,0.383,0.685,15.7,0.614,0.47,13.6,6.8,2.3,2.6,10.9,15.6,2.8,-0.5,0.5,2349578.0,0.22,14.669746721135084,6,Versatile Player,3902002.050211755,-1552424.050211755
219,219,Svi Mykhailiuk,27.0,UTA,38.0,20.0,8.8,0.391,0.345,0.8,9.8,0.526,0.672,6.4,14.7,1.2,0.9,14.1,20.3,-0.1,-3.5,-0.3,3675000.0,0.207,15.11706396273788,1,Low Efficiency Creator,4299178.791444159,-624178.7914441591
220,220,Chris Paul,39.0,SAS,82.0,28.0,8.8,0.427,0.377,0.924,14.7,0.58,0.636,6.9,34.8,2.2,0.9,17.1,14.0,5.7,0.8,1.6,2296274.0,0.415,14.646798802768483,7,High - Impact Starter / Primary Option,7481190.0713828085,-5184916.0713828085
221,221,Kelly Olynyk,33.0,TOR,44.0,20.3,8.7,0.5,0.418,0.769,14.9,0.609,0.295,12.4,20.5,1.8,2.0,19.4,18.5,1.7,-0.7,0.3,13445122.0,0.366,16.414126996025555,6,Versatile Player,10050115.726535432,3395006.273464568
222,222,Dorian Finney-Smith,31.0,LAL,63.0,28.9,8.7,0.448,0.411,0.667,10.1,0.604,0.722,7.7,6.9,1.6,1.2,11.0,12.3,2.9,-1.0,0.5,12700000.0,0.61,16.357112630168974,5,3&D Specialist,10387228.919465577,2312771.080534423
223,223,Kentavious Caldwell-Pope,31.0,ORL,77.0,29.6,8.7,0.439,0.342,0.863,9.9,0.574,0.607,4.3,8.7,2.2,1.4,9.6,12.4,4.6,-1.4,0.3,21621500.0,0.5,16.889198794222416,5,3&D Specialist,12045102.593412511,9576397.406587489
224,224,Isaiah Collier,20.0,UTA,71.0,25.9,8.7,0.422,0.249,0.682,9.7,0.494,0.305,6.9,34.3,1.7,0.8,25.0,18.9,-0.8,-5.3,-1.6,2638200.0,0.207,14.785607803443204,1,Low Efficiency Creator,3718322.1686137565,-1080122.1686137565
225,225,Dante Exum,29.0,DAL,20.0,18.6,8.7,0.478,0.434,0.742,13.6,0.589,0.396,4.8,21.5,1.6,0.7,13.0,19.6,0.6,-2.3,0.0,2296274.0,0.476,14.646798802768483,1,Low Efficiency Creator,7195528.517236968,-4899254.517236968
226,226,Kyshawn George,21.0,WAS,68.0,26.5,8.7,0.372,0.322,0.753,8.8,0.503,0.648,8.2,13.3,1.8,2.5,14.2,15.9,0.1,-4.1,-0.9,2966760.0,0.22,14.90298134328153,1,Low Efficiency Creator,4001558.054637945,-1034798.0546379448
227,227,Jaden Hardy,22.0,DAL,57.0,15.9,8.7,0.435,0.386,0.698,10.4,0.549,0.476,5.3,13.2,1.5,0.5,15.4,25.3,-0.3,-4.7,-0.6,6000000.0,0.476,15.607270193858982,1,Low Efficiency Creator,4697167.057598197,1302832.942401803
228,228,Dereck Lively II,20.0,DAL,36.0,23.1,8.7,0.702,0.0,0.63,20.1,0.704,0.0,17.7,14.3,1.2,5.7,15.5,13.6,3.4,3.3,1.1,5253360.0,0.476,15.47437862020949,4,Defensive Anchor / Elite Rebounder,6051666.260507969,-798306.2605079692
229,229,Tyrese Martin,25.0,BRK,60.0,21.9,8.7,0.406,0.351,0.793,10.9,0.533,0.606,9.5,14.6,1.3,0.7,13.1,18.8,0.9,-2.6,-0.2,2191897.0,0.317,14.60027839312064,1,Low Efficiency Creator,4172620.7681307616,-1980723.7681307616
230,230,Matas Buzelis,20.0,CHI,80.0,18.9,8.6,0.454,0.361,0.815,12.5,0.571,0.479,9.6,7.2,0.9,4.3,10.9,18.7,1.9,-2.5,-0.2,5455560.0,0.476,15.512146013391371,1,Low Efficiency Creator,4525177.667093128,930382.332906872
231,231,Jaime Jaquez Jr.,23.0,MIA,66.0,20.7,8.6,0.461,0.311,0.754,14.3,0.543,0.258,11.7,17.9,2.2,1.0,15.7,20.2,2.3,-0.9,0.4,3861600.0,0.451,15.166592422288405,1,Low Efficiency Creator,4735835.313766097,-874235.3137660967
232,232,Ja'Kobe Walter,20.0,TOR,52.0,21.2,8.6,0.405,0.349,0.795,10.8,0.523,0.473,7.8,10.2,1.9,0.9,10.4,18.2,1.2,-3.0,-0.3,3638160.0,0.366,15.10698889216619,1,Low Efficiency Creator,3692214.4583573453,-54054.45835734531
233,233,Sam Hauser,27.0,BOS,71.0,21.7,8.5,0.451,0.416,1.0,12.8,0.632,0.842,7.9,5.8,1.3,0.8,4.6,14.3,4.4,0.8,1.1,10044644.0,0.744,16.12255021464101,5,3&D Specialist,9026361.656161318,1018282.3438386824
234,234,Larry Nance Jr.,32.0,ATL,24.0,19.3,8.5,0.516,0.447,0.692,16.0,0.632,0.49,12.2,11.3,2.0,2.6,9.1,15.7,1.3,1.8,0.4,2296274.0,0.488,14.646798802768483,6,Versatile Player,7070034.511535032,-4773760.511535032
235,235,Cason Wallace,21.0,OKC,68.0,27.6,8.4,0.474,0.356,0.811,12.3,0.562,0.425,6.5,11.5,3.1,1.9,10.5,12.8,5.2,1.0,1.5,5820240.0,0.829,15.576852227785002,5,3&D Specialist,7441884.422591954,-1621644.4225919535
236,236,Bruce Brown,28.0,NOP,41.0,22.5,8.3,0.421,0.333,0.815,10.9,0.504,0.262,9.6,12.8,1.8,1.0,10.4,17.2,0.7,-3.8,-0.4,2296274.0,0.256,14.646798802768483,1,Low Efficiency Creator,4105525.6708538844,-1809251.6708538844
237,237,Brandon Clarke,28.0,MEM,64.0,18.9,8.3,0.621,0.059,0.701,17.6,0.638,0.045,14.3,7.4,2.0,2.7,8.9,15.3,4.4,0.8,0.9,12500000.0,0.585,16.341239282272525,4,Defensive Anchor / Elite Rebounder,9392688.150913332,3107311.8490866683
238,238,Keon Ellis,25.0,SAC,80.0,24.4,8.3,0.489,0.433,0.849,13.5,0.664,0.692,6.1,8.0,3.0,3.2,12.4,12.7,5.0,1.9,1.9,2301587.0,0.488,14.649109877441546,5,3&D Specialist,7697544.078248037,-5395957.078248037
239,239,Brandon Williams,25.0,DAL,33.0,14.8,8.3,0.521,0.4,0.833,18.3,0.634,0.319,6.5,23.2,2.4,0.9,15.2,22.6,1.3,1.0,0.4,2270735.0,0.476,14.635614565981587,6,Versatile Player,3322705.266214401,-1051970.266214401
240,240,Mike Conley,37.0,MIN,71.0,24.7,8.2,0.4,0.41,0.9,13.3,0.573,0.662,5.7,24.5,2.2,0.7,12.9,14.4,5.2,1.2,1.4,10774038.0,0.598,16.19265000204157,5,3&D Specialist,9050657.848793676,1723380.1512063239
241,241,Taurean Prince,30.0,MIL,80.0,27.1,8.2,0.457,0.439,0.813,9.8,0.613,0.652,7.2,9.4,1.7,0.6,13.3,12.5,3.5,-1.7,0.1,3303774.0,0.585,15.010576312030537,5,3&D Specialist,5146394.771587924,-1842620.771587924
242,242,Jalen Smith,24.0,CHI,64.0,15.0,8.2,0.466,0.324,0.809,18.7,0.586,0.544,19.5,9.7,0.8,4.0,7.6,21.0,2.9,0.9,0.7,9000000.0,0.476,16.012735246411598,6,Versatile Player,5314633.66298434,3685366.3370156595
243,243,Quinten Post,24.0,GSW,42.0,16.3,8.1,0.449,0.408,0.778,14.2,0.595,0.653,11.6,12.2,1.1,2.5,10.3,19.6,1.7,0.1,0.4,1955377.0,0.585,14.48609408309546,6,Versatile Player,3019333.6862253547,-1063956.6862253547
244,244,Peyton Watson,22.0,DEN,68.0,24.4,8.1,0.477,0.353,0.693,11.4,0.564,0.318,7.7,7.0,1.4,5.0,10.3,13.9,2.5,-1.8,0.1,4356476.0,0.61,15.28717426117208,5,3&D Specialist,4344549.11198201,11926.888017989695
245,245,Davion Mitchell,26.0,TOR,74.0,27.4,7.9,0.468,0.398,0.69,10.2,0.573,0.443,4.5,24.2,1.7,0.8,20.0,13.6,3.0,-2.6,-0.3,11600000.0,0.366,16.266515742283485,1,Low Efficiency Creator,7997539.037631126,3602460.962368874
246,246,Caleb Martin,29.0,PHI,45.0,27.1,7.9,0.424,0.359,0.622,9.6,0.513,0.339,8.2,10.7,1.9,1.8,13.9,14.4,0.6,-3.2,-0.4,9594044.0,0.293,16.076653151464665,1,Low Efficiency Creator,6389336.820496106,3204707.1795038944
247,247,Day'Ron Sharpe,23.0,BRK,50.0,18.1,7.9,0.521,0.244,0.757,19.7,0.568,0.142,20.7,16.8,2.3,4.6,15.3,19.9,2.7,0.9,0.7,6250000.0,0.317,15.648092181712572,4,Defensive Anchor / Elite Rebounder,5585997.278131461,664002.7218685392
248,248,Terance Mann,28.0,LAC,67.0,21.1,7.7,0.496,0.368,0.691,12.0,0.584,0.395,7.8,11.7,1.6,1.0,9.6,14.7,3.0,-1.3,0.2,15500000.0,0.61,16.5563506464056,5,3&D Specialist,8613903.11349972,6886096.88650028
249,249,Karlo MatkoviÄ‡,23.0,NOP,42.0,18.8,7.7,0.574,0.318,0.773,15.6,0.639,0.281,14.2,8.6,1.3,5.0,14.5,15.9,1.6,-2.0,0.0,1955377.0,0.256,14.48609408309546,4,Defensive Anchor / Elite Rebounder,3195231.714564177,-1239854.7145641772
250,250,AJ Johnson,20.0,WAS,29.0,22.0,7.6,0.385,0.267,0.865,7.1,0.48,0.423,4.8,17.1,0.9,0.4,13.2,17.4,-0.4,-8.1,-1.0,3090480.0,0.22,14.943837300190054,1,Low Efficiency Creator,3953463.933611688,-862983.9336116882
251,251,Lonzo Ball,27.0,CHI,35.0,22.2,7.6,0.366,0.344,0.815,12.2,0.524,0.802,8.0,18.9,2.8,1.9,13.9,15.9,1.2,0.2,0.4,10000000.0,0.476,16.118095750958314,2,Low Impact / End of Bench,7045547.392003033,2954452.6079969667
252,252,Matisse Thybulle,27.0,POR,15.0,20.8,7.5,0.477,0.438,0.467,17.0,0.592,0.545,9.0,12.7,5.1,2.6,12.1,14.4,0.9,5.0,0.6,11550000.0,0.439,16.26219608151216,6,Versatile Player,7745246.7266217135,3804753.2733782865
253,253,A.J. Green,25.0,MIL,73.0,22.7,7.4,0.429,0.427,0.815,9.2,0.621,0.856,5.7,8.5,1.1,0.4,8.4,12.6,2.8,-2.2,-0.1,2301587.0,0.585,14.649109877441546,5,3&D Specialist,3583734.0600488475,-1282147.0600488475
254,254,Josh Green,24.0,CHO,68.0,27.8,7.4,0.428,0.391,0.681,7.8,0.559,0.589,4.9,8.2,1.9,0.8,13.4,11.8,1.5,-4.3,-1.1,13666667.0,0.232,16.430470433561442,1,Low Efficiency Creator,6701531.177926094,6965135.822073906
255,255,Ricky Council IV,23.0,PHI,73.0,17.1,7.3,0.382,0.258,0.804,11.6,0.502,0.46,9.7,11.4,1.3,1.0,8.9,20.3,0.6,-4.3,-0.7,2221677.0,0.293,14.613773324189143,1,Low Efficiency Creator,2805409.161814773,-583732.161814773
256,256,Andre Drummond,31.0,PHI,40.0,18.8,7.3,0.5,0.15,0.622,16.0,0.535,0.085,23.4,6.8,2.6,2.4,16.7,19.1,1.2,-3.2,-0.2,5000000.0,0.293,15.424948670398354,4,Defensive Anchor / Elite Rebounder,5445405.649058982,-445405.6490589818
257,257,Tre Jones,25.0,SAS,46.0,19.7,7.2,0.538,0.396,0.821,16.3,0.617,0.202,6.8,28.6,1.9,1.0,11.6,14.1,2.9,1.5,0.8,8000000.0,0.415,15.894952224644102,6,Versatile Player,6721027.916538815,1278972.083461185
258,258,Goga Bitadze,25.0,ORL,70.0,20.4,7.2,0.611,0.107,0.639,19.2,0.631,0.083,18.6,14.8,1.7,6.6,15.3,14.3,5.8,2.5,1.6,8333333.0,0.5,15.93577417416436,4,Defensive Anchor / Elite Rebounder,8640093.321564155,-306760.3215641547
259,259,Tristan Da Silva,23.0,ORL,74.0,22.0,7.2,0.412,0.335,0.873,9.9,0.522,0.495,8.6,10.3,1.0,1.1,9.9,15.2,2.5,-2.6,-0.3,3809520.0,0.5,15.153014017414462,1,Low Efficiency Creator,3984976.268041991,-175456.26804199116
260,260,GG Jackson II,20.0,MEM,29.0,15.8,7.2,0.372,0.337,0.725,9.3,0.482,0.477,10.6,8.2,1.2,1.0,12.5,21.7,0.1,-5.3,-0.4,2221677.0,0.585,14.613773324189143,2,Low Impact / End of Bench,3444941.0010759225,-1223264.0010759225
261,261,Vit Krejci,24.0,ATL,57.0,20.2,7.2,0.497,0.437,0.711,12.7,0.661,0.705,7.4,16.5,1.5,2.1,13.8,12.9,2.6,0.7,0.8,2349578.0,0.488,14.669746721135084,5,3&D Specialist,5107953.049474286,-2758375.049474286
262,262,Sam Merrill,28.0,CLE,71.0,19.7,7.2,0.406,0.372,0.966,11.1,0.583,0.868,6.1,9.6,1.8,0.9,7.4,14.3,3.3,0.3,0.8,8482144.0,0.78,15.953473923895311,5,3&D Specialist,7444594.487982789,1037549.512017211
263,263,Josh Okogie,26.0,PHO,40.0,15.6,7.1,0.443,0.348,0.741,16.3,0.567,0.434,9.9,7.9,3.8,2.8,11.1,19.5,1.3,1.5,0.6,2296274.0,0.439,14.646798802768483,6,Versatile Player,3676363.0725476667,-1380089.0725476667
264,264,Jamison Battle,23.0,TOR,59.0,17.7,7.1,0.429,0.405,0.889,10.7,0.59,0.746,8.1,7.1,0.8,0.9,7.1,15.3,1.7,-2.3,-0.1,1955377.0,0.366,14.48609408309546,5,3&D Specialist,2480912.617500757,-525535.6175007569
265,265,Alex Caruso,30.0,OKC,54.0,19.3,7.1,0.446,0.353,0.824,15.9,0.568,0.541,8.2,16.6,4.0,2.9,9.9,15.2,3.9,4.0,1.6,18102000.0,0.829,16.711533042611766,6,Versatile Player,11007483.154111736,7094516.8458882645
266,266,Jamal Shead,22.0,TOR,75.0,19.6,7.1,0.405,0.323,0.768,9.9,0.499,0.442,4.2,29.8,1.9,0.7,18.0,18.6,0.8,-4.1,-0.8,1955377.0,0.366,14.48609408309546,1,Low Efficiency Creator,2934696.132140379,-979319.1321403789
267,267,Isaiah Jackson,23.0,IND,5.0,16.8,7.0,0.609,0.0,0.5,18.2,0.6,0.0,18.6,8.1,1.7,8.6,14.6,17.6,0.3,0.8,0.1,7600000.0,0.61,15.843658936835498,4,Defensive Anchor / Elite Rebounder,4560783.267555211,3039216.7324447893
268,268,Jake LaRavia,23.0,MEM,66.0,20.4,6.9,0.475,0.423,0.678,12.6,0.591,0.421,10.3,14.6,2.2,1.6,18.2,14.4,2.9,0.2,0.8,6000000.0,0.585,15.607270193858982,6,Versatile Player,5880252.380290304,119747.61970969569
269,269,Ryan Dunn,22.0,PHO,74.0,19.1,6.9,0.43,0.311,0.487,10.7,0.517,0.553,10.6,5.7,1.5,2.7,7.5,16.7,1.0,-4.1,-0.7,2657760.0,0.439,14.792994596981533,1,Low Efficiency Creator,2980429.7643364896,-322669.7643364896
270,270,Jay Huff,26.0,MEM,64.0,11.7,6.9,0.515,0.405,0.786,18.2,0.666,0.656,9.1,7.0,1.0,6.9,9.3,19.6,2.5,3.5,1.1,2349578.0,0.585,14.669746721135084,6,Versatile Player,3670761.881930567,-1321183.8819305669
271,271,Eric Gordon,36.0,PHI,39.0,19.7,6.8,0.426,0.409,0.75,10.8,0.591,0.672,3.4,12.0,1.7,1.5,11.1,14.4,0.9,-1.6,0.1,2296274.0,0.293,14.646798802768483,5,3&D Specialist,3335882.2486916916,-1039608.2486916916
272,272,Jaxson Hayes,24.0,LAL,56.0,19.5,6.8,0.722,0.0,0.622,15.8,0.72,0.013,13.9,7.5,1.4,4.4,13.9,12.4,3.7,-0.3,0.5,3449323.0,0.61,15.053688827779409,4,Defensive Anchor / Elite Rebounder,5020889.964273122,-1571566.9642731221
273,273,Vasilije MiciÄ‡,31.0,CHO,41.0,19.1,6.6,0.348,0.36,0.829,6.5,0.462,0.458,6.0,24.3,0.9,0.0,20.9,19.9,-1.0,-7.0,-1.0,8109150.0,0.232,15.908503735038312,1,Low Efficiency Creator,6374901.345120776,1734248.6548792236
274,274,Trayce Jackson-Davis,24.0,GSW,62.0,15.6,6.6,0.576,0.0,0.578,18.5,0.587,0.01,17.3,16.1,1.2,3.7,11.5,17.1,3.4,1.2,0.8,2221677.0,0.585,14.613773324189143,4,Defensive Anchor / Elite Rebounder,4456815.368450853,-2235138.368450853
275,275,Marcus Sasser,24.0,DET,57.0,14.2,6.6,0.463,0.382,0.843,14.0,0.589,0.514,4.7,22.9,2.2,0.5,14.5,19.4,1.8,-0.6,0.3,2886720.0,0.537,14.875631813864274,1,Low Efficiency Creator,3373285.2125958274,-486565.2125958274
276,276,Vince Williams Jr.,24.0,MEM,27.0,18.5,6.6,0.401,0.274,0.792,9.2,0.504,0.569,10.4,13.8,1.1,1.3,15.7,17.0,0.4,-2.8,-0.1,2301587.0,0.585,14.649109877441546,2,Low Impact / End of Bench,2948827.0403762134,-647240.0403762134
277,277,Thomas Bryant,27.0,IND,66.0,14.6,6.5,0.508,0.324,0.859,17.2,0.614,0.461,14.5,7.6,1.4,3.9,7.9,17.1,3.1,0.6,0.6,2296274.0,0.61,14.646798802768483,6,Versatile Player,3984467.8200091836,-1688193.8200091836
278,278,Donovan Clingan,20.0,POR,67.0,19.8,6.5,0.539,0.286,0.596,17.4,0.574,0.147,21.6,8.3,1.2,7.5,15.9,14.2,4.0,-0.3,0.6,7178400.0,0.439,15.786587214272783,4,Defensive Anchor / Elite Rebounder,6396299.883134137,782100.1168658631
279,279,Haywood Highsmith,28.0,MIA,74.0,24.6,6.5,0.458,0.382,0.721,9.9,0.583,0.596,7.7,8.4,1.9,2.0,11.6,11.3,3.3,-1.9,0.1,5616000.0,0.451,15.541130402750449,5,3&D Specialist,5124828.675166772,491171.32483322825
280,280,Ajay Mitchell,22.0,OKC,36.0,16.6,6.5,0.495,0.383,0.829,12.0,0.587,0.326,6.1,13.8,2.0,0.7,12.7,16.2,1.5,-1.6,0.1,3000000.0,0.829,14.914123179965662,6,Versatile Player,3516572.236637705,-516572.236637705
281,281,Gary Payton II,32.0,GSW,62.0,15.0,6.5,0.574,0.326,0.711,16.2,0.635,0.319,10.7,13.5,2.7,1.7,11.0,16.1,3.0,1.4,0.8,2296274.0,0.585,14.646798802768483,6,Versatile Player,4513757.837249814,-2217483.8372498136
282,282,Zach Collins,27.0,SAS,64.0,15.3,6.4,0.507,0.302,0.885,16.0,0.605,0.351,15.6,15.6,1.4,2.6,15.1,17.1,2.7,0.0,0.5,18080496.0,0.415,16.710344401488545,6,Versatile Player,7708771.146472348,10371724.853527652
283,283,Kris Dunn,30.0,LAC,74.0,24.1,6.4,0.439,0.335,0.682,11.3,0.531,0.513,8.0,15.6,3.5,1.5,14.2,12.7,4.0,0.6,1.2,5426400.0,0.61,15.50678667289823,5,3&D Specialist,7123711.44453547,-1697311.4445354696
284,284,Ron Holland,19.0,DET,81.0,15.6,6.4,0.474,0.238,0.754,11.1,0.556,0.363,9.5,8.9,1.9,1.3,13.3,18.1,1.8,-3.0,-0.3,8657280.0,0.537,15.973911258952626,1,Low Efficiency Creator,5203315.897531865,3453964.102468135
285,285,Gabe Vincent,28.0,LAL,72.0,21.2,6.4,0.4,0.353,0.714,7.4,0.536,0.736,3.4,8.7,1.6,0.8,8.7,13.5,1.3,-4.0,-0.8,11500000.0,0.61,16.257857680289998,5,3&D Specialist,4619566.174931418,6880433.825068582
286,286,Sandro Mamukelashvili,25.0,SAS,61.0,11.2,6.3,0.502,0.373,0.741,19.7,0.628,0.573,14.7,10.7,1.6,2.3,7.8,20.8,2.2,2.3,0.7,2461463.0,0.415,14.716266852844925,6,Versatile Player,3347591.759664595,-886128.7596645951
287,287,Kenrich Williams,30.0,OKC,69.0,16.4,6.3,0.483,0.386,0.718,13.7,0.587,0.483,11.4,11.0,1.8,0.9,9.5,15.4,3.6,0.6,0.7,7163000.0,0.829,15.78443958520289,5,3&D Specialist,7711643.666854863,-548643.666854863
288,288,Bones Hyland,24.0,LAC,24.0,10.0,6.2,0.398,0.39,0.885,16.0,0.576,0.695,5.9,20.1,3.7,1.7,16.2,28.2,0.5,2.7,0.3,2296274.0,0.61,14.646798802768483,6,Versatile Player,2927066.1726004155,-630792.1726004155
289,289,Jonathan Mogbo,23.0,TOR,63.0,20.4,6.2,0.438,0.243,0.732,11.9,0.496,0.197,13.0,15.3,2.1,2.5,15.1,15.0,1.9,-1.9,0.0,1955377.0,0.366,14.48609408309546,1,Low Efficiency Creator,2923657.4996877117,-968280.4996877117
290,290,Ryan Rollins,22.0,MIL,56.0,14.6,6.2,0.487,0.408,0.8,14.0,0.6,0.443,7.2,17.8,2.5,1.9,15.4,18.4,1.7,-0.5,0.3,4000000.0,0.585,15.201805169084134,6,Versatile Player,3398460.7281307247,601539.2718692753
291,291,Dru Smith,27.0,MIA,14.0,19.1,6.2,0.508,0.533,0.75,13.3,0.656,0.492,7.4,12.0,3.9,2.1,20.4,13.8,0.7,2.1,0.3,2378870.0,0.451,14.682136563350834,6,Versatile Player,3540134.5322456066,-1161264.5322456066
292,292,Isaac Okoro,24.0,CLE,55.0,19.1,6.1,0.464,0.371,0.717,10.7,0.587,0.566,6.7,8.0,1.5,1.4,7.4,12.5,2.5,-0.5,0.4,11000000.0,0.78,16.213405921671733,5,3&D Specialist,3938912.5379704656,7061087.462029534
293,293,Jarace Walker,21.0,IND,75.0,15.8,6.1,0.472,0.405,0.667,11.9,0.59,0.514,10.8,12.2,2.2,1.9,16.7,17.1,1.6,-0.9,0.3,6665520.0,0.61,15.712458678082251,6,Versatile Player,4701264.798495686,1964255.2015043143
294,294,N'Faly Dante,23.0,HOU,4.0,12.8,6.0,0.769,0.0,0.8,24.0,0.789,0.0,21.9,5.7,1.0,8.8,11.6,13.9,0.3,2.4,0.1,2048494.0,0.634,14.532615935155736,4,Defensive Anchor / Elite Rebounder,3583499.0053347507,-1535005.0053347507
295,295,Mouhamed Gueye,22.0,ATL,33.0,16.2,6.0,0.421,0.259,0.762,14.4,0.52,0.474,14.3,6.6,2.5,5.7,7.3,15.7,1.2,-0.6,0.2,2221677.0,0.488,14.613773324189143,6,Versatile Player,2783638.253258587,-561961.2532585869
296,296,Luke Kornet,29.0,BOS,73.0,18.6,6.0,0.668,0.0,0.691,19.6,0.683,0.011,15.5,11.9,1.3,4.8,8.8,11.4,7.0,3.3,1.8,11000000.0,0.744,16.213405921671733,4,Defensive Anchor / Elite Rebounder,8734406.955124244,2265593.044875756
297,297,Isaiah Stewart,23.0,DET,72.0,19.9,6.0,0.559,0.321,0.759,14.6,0.616,0.168,15.4,11.3,0.9,6.7,16.1,12.4,4.3,0.6,0.9,15000000.0,0.537,16.52356082573315,4,Defensive Anchor / Elite Rebounder,7850338.978847812,7149661.021152188
298,298,James Wiseman,23.0,IND,1.0,5.0,6.0,0.5,0.0,1.0,31.2,0.615,0.25,11.1,0.0,0.0,0.0,0.0,42.2,0.0,1.6,0.0,1000000.0,0.61,13.815511557963774,3,High Volume Inefficient Scorer,2729386.563389117,-1729386.563389117
299,299,Chuma Okeke,26.0,PHI,9.0,21.8,5.9,0.5,0.393,0.667,15.3,0.641,0.7,13.5,10.5,1.3,2.0,6.8,9.8,0.6,-0.2,0.1,2546675.0,0.293,14.750299537389344,6,Versatile Player,3347379.1035920274,-800704.1035920274
300,300,Kyle Anderson,31.0,GSW,61.0,16.4,5.9,0.469,0.357,0.738,15.1,0.538,0.231,11.2,20.7,2.0,3.1,10.0,15.9,2.8,1.5,0.9,9219512.0,0.585,16.03683277418114,6,Versatile Player,8711544.09159826,507967.9084017407
301,301,Simone Fontecchio,29.0,DET,75.0,16.5,5.9,0.402,0.335,0.833,9.7,0.544,0.609,9.6,6.9,1.2,0.9,11.6,15.8,1.6,-2.9,-0.3,8307692.0,0.537,15.932692510960289,5,3&D Specialist,5433549.423361857,2874142.5766381426
302,302,Collin Gillespie,25.0,PHO,33.0,14.0,5.9,0.43,0.433,0.864,16.8,0.578,0.57,9.4,24.0,2.3,1.0,9.2,17.7,1.3,2.5,0.5,2296274.0,0.439,14.646798802768483,6,Versatile Player,3096172.1225946243,-799898.1225946243
303,303,Tidjane SalaÃ¼n,19.0,CHO,60.0,20.7,5.9,0.33,0.283,0.713,7.7,0.457,0.594,12.0,8.5,1.1,1.1,13.1,15.2,0.0,-5.2,-1.0,7863240.0,0.232,15.877709420383136,1,Low Efficiency Creator,5115651.986112246,2747588.0138877537
304,304,Jaylin Williams,22.0,OKC,47.0,16.7,5.9,0.439,0.399,0.767,16.4,0.594,0.692,17.9,19.0,1.3,3.7,13.0,14.6,3.3,4.3,1.2,8450704.0,0.829,15.949760427805767,6,Versatile Player,6755092.021936343,1695611.978063657
305,305,Adem Bona,21.0,PHI,58.0,15.6,5.8,0.703,0.0,0.67,16.5,0.714,0.005,15.3,4.4,1.4,7.5,20.5,14.3,2.3,-2.7,-0.2,1955377.0,0.293,14.48609408309546,4,Defensive Anchor / Elite Rebounder,2699613.5126232556,-744236.5126232556
306,306,Robert Williams,27.0,POR,20.0,17.6,5.8,0.641,0.333,0.882,18.9,0.679,0.038,18.2,8.6,1.8,8.5,16.6,12.2,1.3,3.0,0.4,13285713.0,0.439,16.40219988055684,4,Defensive Anchor / Elite Rebounder,6190149.424791039,7095563.575208961
307,307,Moussa DiabatÃ©,23.0,CHO,71.0,17.5,5.7,0.596,0.0,0.595,16.5,0.609,0.021,18.8,6.8,1.8,3.2,15.6,13.4,3.2,-1.9,0.0,2270735.0,0.232,14.635614565981587,4,Defensive Anchor / Elite Rebounder,3504149.016371909,-1233414.016371909
308,308,Dariq Whitehead,20.0,BRK,20.0,12.3,5.7,0.406,0.446,0.6,9.4,0.58,0.771,6.7,7.8,1.2,0.4,13.3,20.1,0.1,-3.7,-0.1,3262560.0,0.317,14.9980230277563,2,Low Impact / End of Bench,3605574.8496149704,-343014.8496149704
309,309,Landry Shamet,27.0,NYK,50.0,15.2,5.7,0.461,0.397,0.667,9.7,0.601,0.678,4.6,4.7,1.5,0.2,8.5,14.8,1.0,-2.4,-0.1,2296274.0,0.622,14.646798802768483,5,3&D Specialist,2731927.7033420624,-435653.7033420624
310,310,Jordan Goodwin,26.0,LAL,29.0,18.7,5.6,0.438,0.382,0.818,12.1,0.541,0.472,11.6,10.5,2.7,1.9,14.9,14.1,1.0,-0.8,0.2,2349578.0,0.61,14.669746721135084,6,Versatile Player,3097615.412420438,-748037.4124204381
311,311,Shake Milton,28.0,LAL,57.0,14.7,5.5,0.453,0.358,0.797,11.9,0.563,0.417,7.0,18.3,1.5,0.5,12.5,16.7,1.3,-2.2,0.0,3000000.0,0.61,14.914123179965662,5,3&D Specialist,3905589.9537133197,-905589.9537133197
312,312,Aaron Holiday,28.0,HOU,62.0,12.8,5.5,0.437,0.398,0.829,12.2,0.594,0.675,5.2,14.3,1.2,1.2,11.5,16.8,2.0,-0.2,0.3,2296274.0,0.634,14.646798802768483,5,3&D Specialist,4387233.60813197,-2090959.6081319703
313,313,Jeff Green,38.0,HOU,32.0,12.4,5.4,0.504,0.367,0.808,13.6,0.649,0.653,7.8,7.0,0.7,0.9,6.4,14.7,1.3,0.4,0.2,2296274.0,0.634,14.646798802768483,5,3&D Specialist,3056534.0719288187,-760260.0719288187
314,314,Jonathan Isaac,27.0,ORL,71.0,15.4,5.4,0.414,0.258,0.682,16.6,0.512,0.466,16.5,5.5,2.8,7.0,8.2,16.2,3.4,0.7,0.7,15000000.0,0.5,16.52356082573315,6,Versatile Player,7759138.980275301,7240861.019724699
315,315,Dean Wade,28.0,CLE,59.0,21.2,5.4,0.413,0.36,0.533,10.1,0.563,0.819,10.8,7.3,1.6,1.4,7.2,10.4,3.0,0.3,0.7,6623456.0,0.78,15.706127997049448,5,3&D Specialist,6425247.181773767,198208.81822623312
316,316,Kobe Bufkin,21.0,ATL,10.0,12.4,5.3,0.383,0.211,0.722,10.5,0.483,0.404,9.3,18.2,1.1,1.5,12.7,20.8,0.0,-4.0,-0.1,4503720.0,0.488,15.320414501945164,2,Low Impact / End of Bench,4633976.157643792,-130256.15764379222
317,317,Pat Connaughton,32.0,MIL,41.0,14.7,5.3,0.469,0.321,0.774,12.1,0.567,0.458,9.8,15.8,0.7,1.7,11.2,15.6,1.2,-2.3,0.0,9423869.0,0.585,16.058756390211297,5,3&D Specialist,5339826.4445489235,4084042.5554510765
318,318,Kevin Love,36.0,MIA,23.0,10.9,5.3,0.357,0.358,0.696,16.2,0.488,0.583,20.7,13.1,3.0,1.5,10.1,24.6,0.4,0.4,0.2,4150000.0,0.451,15.238619133170708,6,Versatile Player,4514303.069018996,-364303.0690189963
319,319,Ben Sheppard,23.0,IND,63.0,19.5,5.3,0.418,0.342,0.889,9.2,0.555,0.693,8.0,8.6,1.5,1.0,6.9,11.3,2.1,-2.0,0.0,2790720.0,0.61,14.84181054335116,5,3&D Specialist,3232690.190159627,-441970.19015962677
320,320,Javonte Green,31.0,NOP,68.0,18.5,5.1,0.429,0.326,0.724,10.7,0.541,0.491,9.4,5.9,2.5,2.4,9.1,11.8,1.6,-2.3,-0.1,2296274.0,0.256,14.646798802768483,1,Low Efficiency Creator,3535009.1251910734,-1238735.1251910734
321,321,Bismack Biyombo,32.0,SAS,28.0,18.9,5.1,0.588,0.0,0.4,12.2,0.576,0.0,16.0,7.9,1.5,3.9,17.8,12.3,0.8,-3.6,-0.2,2296274.0,0.415,14.646798802768483,4,Defensive Anchor / Elite Rebounder,3373342.7129761497,-1077068.7129761497
322,322,Mitchell Robinson,26.0,NYK,17.0,17.1,5.1,0.661,0.0,0.684,20.4,0.676,0.0,20.0,5.9,2.7,5.8,13.4,11.1,1.3,3.3,0.4,12954546.0,0.622,16.37695740417285,4,Defensive Anchor / Elite Rebounder,5928161.2714349115,7026384.7285650885
323,323,Malaki Branham,21.0,SAS,47.0,9.1,5.0,0.458,0.405,0.818,12.0,0.575,0.442,6.4,13.4,1.2,0.4,14.3,23.8,0.1,-3.2,-0.1,4962033.0,0.415,15.417326295286184,1,Low Efficiency Creator,4294408.784458089,667624.2155419113
324,324,Neemias Queta,25.0,BOS,62.0,13.9,5.0,0.65,0.0,0.754,16.3,0.674,0.015,14.9,7.4,1.0,4.5,14.8,13.7,3.2,-0.7,0.3,2349578.0,0.744,14.669746721135084,4,Defensive Anchor / Elite Rebounder,3202983.8497045427,-853405.8497045427
325,325,Lindy Waters III,27.0,GSW,52.0,15.0,4.9,0.369,0.344,0.727,8.8,0.504,0.747,7.6,9.1,1.7,1.3,7.3,14.8,1.0,-2.8,-0.2,2296274.0,0.585,14.646798802768483,2,Low Impact / End of Bench,2970849.750346226,-674575.7503462262
326,326,Jock Landale,29.0,HOU,42.0,11.9,4.8,0.533,0.423,0.675,16.0,0.59,0.171,14.6,10.3,1.3,1.8,11.0,15.7,1.7,0.4,0.3,10296274.0,0.634,16.14729273730312,6,Versatile Player,5614048.797555173,4682225.202444827
327,327,Taylor Hendricks,21.0,UTA,3.0,25.0,4.7,0.222,0.25,0.75,7.1,0.354,0.667,10.8,3.4,3.2,5.0,9.2,12.1,0.0,-3.5,0.0,6127080.0,0.207,15.62822901179341,2,Low Impact / End of Bench,5024363.276080027,1102716.7239199728
328,328,Drew Eubanks,27.0,UTA,61.0,12.2,4.6,0.593,0.5,0.662,15.6,0.622,0.031,16.5,10.6,0.8,5.0,15.4,15.1,1.7,-0.7,0.3,2296274.0,0.207,14.646798802768483,4,Defensive Anchor / Elite Rebounder,3087699.526903319,-791425.5269033192
329,329,Pelle Larsson,23.0,MIA,55.0,14.2,4.6,0.438,0.337,0.672,10.2,0.546,0.468,6.5,11.6,2.0,0.9,9.5,14.4,1.4,-3.1,-0.2,1955377.0,0.451,14.48609408309546,2,Low Impact / End of Bench,2451713.4432838145,-496336.4432838145
330,330,Julian Phillips,21.0,CHI,79.0,14.2,4.6,0.446,0.327,0.789,10.2,0.571,0.533,7.9,4.4,1.6,1.5,7.8,12.9,1.9,-3.0,-0.3,2221677.0,0.476,14.613773324189143,5,3&D Specialist,3160984.7825236237,-939307.7825236237
331,331,Cody Williams,20.0,UTA,50.0,21.2,4.6,0.323,0.259,0.725,3.7,0.419,0.525,5.7,7.4,1.0,1.4,13.8,12.5,-1.2,-7.3,-1.4,5742480.0,0.207,15.563401904876445,2,Low Impact / End of Bench,5087220.745252055,655259.2547479449
332,332,Rob Dillingham,20.0,MIN,49.0,10.5,4.5,0.441,0.338,0.533,10.2,0.503,0.351,5.4,28.4,1.9,0.2,19.6,22.7,0.1,-4.2,-0.3,6576120.0,0.598,15.69895561579218,2,Low Impact / End of Bench,5212597.869225362,1363522.1307746377
333,333,Jett Howard,21.0,ORL,60.0,11.7,4.5,0.374,0.296,0.696,7.1,0.491,0.71,5.7,9.6,0.9,1.5,11.7,19.2,0.1,-5.3,-0.6,5529720.0,0.5,15.525647920146202,2,Low Impact / End of Bench,5105577.381188026,424142.6188119743
334,334,Kevon Looney,28.0,GSW,76.0,15.0,4.5,0.514,0.4,0.566,17.0,0.535,0.018,21.8,14.3,2.0,3.1,10.8,13.3,4.3,0.3,0.7,8000000.0,0.585,15.894952224644102,6,Versatile Player,7407798.428021346,592201.5719786538
335,335,Mason Plumlee,34.0,PHO,74.0,17.6,4.5,0.619,0.0,0.648,14.8,0.645,0.02,19.5,13.6,1.3,3.4,18.6,10.8,3.7,-0.6,0.5,2296274.0,0.439,14.646798802768483,4,Defensive Anchor / Elite Rebounder,4856198.647548079,-2559924.6475480786
336,336,Dalen Terry,22.0,CHI,73.0,13.5,4.5,0.448,0.356,0.71,9.6,0.546,0.388,6.6,12.7,2.1,1.3,15.1,14.9,1.1,-3.8,-0.5,5399118.0,0.476,15.501746350076248,1,Low Efficiency Creator,3847806.525598005,1551311.474401995
337,337,Marvin Bagley III,25.0,WAS,31.0,8.5,4.4,0.519,0.158,0.657,18.4,0.56,0.179,16.6,6.5,1.6,2.7,9.0,20.9,0.6,-1.2,0.1,2296274.0,0.22,14.646798802768483,6,Versatile Player,2519850.8588644313,-223576.85886443127
338,338,Tony Bradley,27.0,IND,14.0,8.1,4.4,0.644,0.333,0.333,23.2,0.64,0.067,20.7,8.3,0.9,7.2,9.5,20.1,0.4,1.2,0.1,2940876.0,0.61,14.894218394152196,4,Defensive Anchor / Elite Rebounder,2758104.6724857767,182771.3275142233
339,339,Reed Sheppard,20.0,HOU,52.0,12.6,4.4,0.351,0.338,0.813,9.7,0.465,0.594,6.4,15.2,2.6,2.3,13.1,17.8,0.8,-1.7,0.1,10603560.0,0.634,16.176700446062174,2,Low Impact / End of Bench,5061585.930338367,5541974.069661633
340,340,Jevon Carter,29.0,CHI,36.0,8.9,4.3,0.377,0.333,0.8,12.2,0.509,0.719,6.4,17.2,1.9,0.8,6.8,21.0,0.3,-2.1,0.0,6809524.0,0.476,15.73383292532592,2,Low Impact / End of Bench,4985951.787972081,1823572.2120279185
341,341,Terrence Shannon Jr.,24.0,MIN,32.0,10.6,4.3,0.482,0.355,0.81,11.9,0.56,0.272,7.7,13.8,1.0,1.4,10.9,17.7,0.6,-2.1,0.0,2674080.0,0.598,14.799116327883072,6,Versatile Player,3182217.3933386393,-508137.3933386393
342,342,Oso Ighodaro,22.0,PHO,61.0,17.1,4.2,0.604,0.0,0.58,11.1,0.61,0.011,11.9,9.1,1.3,2.6,15.7,10.5,1.6,-2.6,-0.2,1955377.0,0.439,14.48609408309546,4,Defensive Anchor / Elite Rebounder,2488077.22452493,-532700.2245249301
343,343,Kris Murray,24.0,POR,69.0,15.1,4.2,0.419,0.225,0.456,9.1,0.472,0.43,9.5,9.0,1.6,1.5,12.4,13.9,0.7,-3.0,-0.3,3132000.0,0.439,14.95718265537758,2,Low Impact / End of Bench,2954104.845329424,177895.1546705761
344,344,Duop Reath,28.0,POR,46.0,10.2,4.2,0.422,0.321,0.909,13.7,0.552,0.639,10.6,8.0,1.2,2.7,8.3,17.0,1.0,-0.3,0.2,2221677.0,0.439,14.613773324189143,6,Versatile Player,2818927.020962265,-597250.0209622649
345,345,Cam Spencer,24.0,MEM,25.0,10.1,4.2,0.415,0.365,1.0,14.2,0.587,0.634,6.3,16.9,1.7,0.4,6.2,15.4,0.8,0.5,0.2,2537989.0,0.585,14.746882987138385,6,Versatile Player,2636337.258820195,-98348.25882019522
346,346,Jaylen Clark,23.0,MIN,40.0,13.1,4.1,0.467,0.431,0.784,12.0,0.598,0.425,5.6,6.7,3.4,0.4,5.5,12.0,1.6,-0.2,0.2,2191897.0,0.598,14.60027839312064,6,Versatile Player,2495277.8706819466,-303380.87068194663
347,347,Jalen Pickett,25.0,DEN,49.0,13.6,4.1,0.428,0.396,0.75,10.9,0.545,0.561,5.9,19.5,1.4,0.7,11.6,13.2,1.1,-1.5,0.1,2221677.0,0.61,14.613773324189143,2,Low Impact / End of Bench,2726159.270271117,-504482.27027111687
348,348,Paul Reed,25.0,DET,45.0,9.7,4.1,0.507,0.286,0.762,18.6,0.573,0.197,15.6,14.0,4.3,5.4,13.9,18.0,1.6,2.9,0.5,5335894.0,0.537,15.48996718872282,6,Versatile Player,3888899.5774692483,1446994.4225307517
349,349,Gui Santos,22.0,GSW,56.0,13.6,4.1,0.458,0.33,0.69,11.7,0.575,0.575,12.1,14.2,1.6,1.2,17.5,13.2,1.7,-1.7,0.1,2221677.0,0.585,14.613773324189143,2,Low Impact / End of Bench,2697825.803792715,-476148.8037927151
350,350,Jarred Vanderbilt,25.0,LAL,36.0,16.1,4.1,0.488,0.281,0.556,13.2,0.537,0.264,17.6,9.4,3.0,1.6,17.5,12.5,1.4,-1.0,0.2,11571429.0,0.61,16.26404968703818,6,Versatile Player,3008179.1667512916,8563249.833248708
351,351,Nicolas Batum,36.0,LAC,78.0,17.5,4.0,0.437,0.433,0.81,10.3,0.633,0.853,9.0,7.8,1.9,2.6,12.1,9.0,3.5,0.8,1.0,5601600.0,0.61,15.538563007702946,5,3&D Specialist,5754265.864473107,-152665.86447310727
352,352,Steven Adams,31.0,HOU,58.0,13.7,3.9,0.545,0.0,0.462,16.6,0.541,0.012,21.9,10.9,1.3,3.2,20.6,13.6,2.3,0.3,0.5,14130434.0,0.634,16.463841539749478,4,Defensive Anchor / Elite Rebounder,6506503.078113271,7623930.921886729
353,353,Kyle Lowry,38.0,PHI,35.0,18.8,3.9,0.35,0.33,0.818,9.8,0.525,0.752,5.8,19.2,2.5,1.6,13.8,10.1,1.0,-1.3,0.1,2296274.0,0.293,14.646798802768483,2,Low Impact / End of Bench,3290628.3985359506,-994354.3985359506
354,354,Olivier-Maxence Prosper,22.0,DAL,52.0,11.2,3.9,0.402,0.235,0.645,12.6,0.484,0.293,11.8,9.1,2.2,0.9,6.3,16.3,0.9,-2.1,0.0,1002360.0,0.476,13.817868775183012,2,Low Impact / End of Bench,2399778.1286448934,-1397418.1286448934
355,355,Devin Carter,22.0,SAC,36.0,11.0,3.8,0.37,0.295,0.591,10.8,0.471,0.48,10.8,13.5,2.6,1.0,11.0,17.9,0.4,-3.2,-0.1,4923720.0,0.488,15.409575103430155,2,Low Impact / End of Bench,3878832.630960279,1044887.3690397209
356,356,Ousmane Dieng,21.0,OKC,37.0,10.9,3.8,0.432,0.324,0.688,11.5,0.538,0.568,10.7,9.6,2.0,1.7,12.0,15.7,0.9,-0.9,0.1,6670882.0,0.829,15.71326279293794,2,Low Impact / End of Bench,3977882.604778893,2692999.395221107
357,357,Craig Porter Jr.,24.0,CLE,51.0,10.1,3.7,0.514,0.438,0.719,13.1,0.61,0.343,7.1,17.7,1.6,2.6,19.8,15.9,1.1,1.1,0.4,2221677.0,0.78,14.613773324189143,6,Versatile Player,2753186.8665699125,-531509.8665699125
358,358,Blake Wesley,21.0,SAS,58.0,11.8,3.7,0.435,0.293,0.623,9.9,0.51,0.312,4.8,22.3,2.6,0.8,20.2,16.7,0.2,-4.2,-0.4,7022602.0,0.415,15.764644504994306,2,Low Impact / End of Bench,4629391.366881476,2393210.633118524
359,359,Baylor Scheierman,24.0,BOS,31.0,12.4,3.6,0.355,0.317,0.75,10.3,0.49,0.745,9.2,11.3,2.2,0.5,9.4,14.5,0.7,-1.7,0.0,2619000.0,0.744,14.7783035053149,2,Low Impact / End of Bench,2791940.7960245674,-172940.79602456745
360,360,Jae'Sean Tate,29.0,HOU,52.0,11.3,3.6,0.473,0.348,0.681,12.3,0.557,0.311,10.6,10.5,2.2,1.1,11.5,13.3,1.6,-0.7,0.2,2296274.0,0.634,14.646798802768483,6,Versatile Player,3507526.859861079,-1211252.8598610791
361,361,Jaylon Tyson,22.0,CLE,47.0,9.6,3.6,0.43,0.345,0.792,11.1,0.523,0.389,11.5,12.4,1.4,0.6,14.0,17.4,0.8,-2.7,-0.1,3492480.0,0.78,15.066122929869394,2,Low Impact / End of Bench,3396084.4648886286,96395.53511137143
362,362,Luka Garza,26.0,MIN,39.0,5.6,3.5,0.495,0.278,0.686,18.8,0.573,0.343,13.7,8.2,1.4,1.3,9.1,26.2,0.7,-2.3,0.0,2461463.0,0.598,14.716266852844925,6,Versatile Player,2427476.129108786,33986.87089121388
363,363,Doug McDermott,33.0,SAC,42.0,8.1,3.5,0.427,0.436,0.6,9.5,0.617,0.863,3.6,2.8,0.6,0.6,4.8,15.7,0.4,-3.2,-0.1,2296274.0,0.488,14.646798802768483,5,3&D Specialist,2344394.1496668193,-48120.149666819256
364,364,Dario Å ariÄ‡,30.0,DEN,16.0,13.1,3.5,0.362,0.269,0.7,7.7,0.449,0.448,13.1,13.1,1.6,0.4,19.4,15.6,0.0,-4.8,-0.1,5426400.0,0.61,15.50678667289823,2,Low Impact / End of Bench,4721486.272648924,704913.727351076
365,365,Andre Jackson Jr.,23.0,MIL,67.0,14.6,3.4,0.477,0.395,0.5,8.6,0.554,0.386,10.1,10.9,1.7,1.3,21.8,11.9,1.2,-3.4,-0.3,2221677.0,0.585,14.613773324189143,2,Low Impact / End of Bench,2843656.912569587,-621979.9125695871
366,366,Isaac Jones,24.0,SAC,40.0,7.6,3.4,0.651,0.375,0.639,15.2,0.678,0.096,10.5,5.6,0.8,3.2,13.9,16.3,0.7,-1.7,0.0,1955377.0,0.488,14.48609408309546,4,Defensive Anchor / Elite Rebounder,1874703.0294869463,80673.9705130537
367,367,Zeke Nnaji,24.0,DEN,57.0,10.7,3.2,0.496,0.327,0.614,12.0,0.574,0.369,8.1,4.6,2.0,5.6,8.0,12.2,1.2,-1.3,0.1,8177778.0,0.61,15.916931155819396,6,Versatile Player,2499026.8549353173,5678751.145064683
368,368,Gary Harris,30.0,ORL,48.0,14.8,3.0,0.383,0.356,0.583,6.9,0.524,0.759,5.2,5.8,1.8,1.6,10.9,9.5,1.0,-2.7,-0.1,3634153.0,0.5,15.105886904585756,2,Low Impact / End of Bench,3466726.8230569344,167426.1769430656
369,369,Maxi Kleber,33.0,DAL,34.0,18.7,3.0,0.385,0.265,0.762,5.6,0.489,0.51,8.1,8.3,0.7,2.3,17.9,8.7,0.3,-3.8,-0.3,11000000.0,0.476,16.213405921671733,2,Low Impact / End of Bench,4832596.966504341,6167403.033495659
370,370,Rayan Rupert,20.0,POR,52.0,8.8,3.0,0.408,0.271,0.767,8.1,0.499,0.415,8.2,7.6,1.7,0.8,16.2,16.8,0.1,-4.7,-0.3,2221677.0,0.439,14.613773324189143,2,Low Impact / End of Bench,3230288.1481717625,-1008611.1481717625
371,371,P.J. Tucker,39.0,NYK,3.0,19.3,3.0,0.429,0.5,0.0,5.5,0.643,0.857,7.9,0.0,0.9,1.6,12.5,6.0,0.1,-7.2,-0.1,3468960.0,0.622,15.059365683455711,2,Low Impact / End of Bench,3658361.517353423,-189401.51735342294
372,372,Tyler Smith,20.0,MIL,23.0,5.3,2.9,0.48,0.433,0.75,15.2,0.626,0.6,11.1,4.9,1.2,3.1,13.0,22.1,0.2,-0.9,0.0,1955377.0,0.585,14.48609408309546,6,Versatile Player,1949641.3564446948,5735.6435553052
373,373,Keshad Johnson,23.0,MIA,16.0,6.1,2.7,0.692,0.429,0.444,19.1,0.718,0.269,15.8,6.3,2.5,3.9,11.8,15.4,0.4,-0.1,0.0,1955377.0,0.451,14.48609408309546,6,Versatile Player,1845963.9357621334,109413.06423786655
374,374,Josh Minott,22.0,MIN,46.0,6.0,2.6,0.489,0.326,0.895,15.5,0.605,0.478,9.4,9.5,2.7,4.0,10.1,17.2,0.9,2.2,0.3,2378870.0,0.598,14.682136563350834,6,Versatile Player,1946432.3357320074,432437.6642679926
375,375,Hunter Tyson,24.0,DEN,51.0,7.8,2.6,0.375,0.311,0.75,9.0,0.506,0.617,10.7,6.1,1.2,1.3,9.6,15.5,0.4,-4.8,-0.3,2221677.0,0.61,14.613773324189143,2,Low Impact / End of Bench,1914520.1462230347,307156.8537769653
376,376,Jaden Springer,22.0,BOS,43.0,8.5,2.5,0.389,0.25,0.711,10.7,0.511,0.533,8.6,12.1,3.2,1.0,13.0,14.3,0.5,-2.7,-0.1,70732.0,0.744,11.166667503947462,2,Low Impact / End of Bench,1388491.7028601533,-1317759.7028601533
377,377,Anthony Gill,32.0,WAS,51.0,7.8,2.5,0.489,0.323,0.66,10.2,0.586,0.352,8.6,5.7,1.1,0.5,8.3,12.7,0.5,-4.5,-0.3,2296274.0,0.22,14.646798802768483,1,Low Efficiency Creator,1935705.1864195075,360568.8135804925
378,378,Dillon Jones,23.0,OKC,54.0,10.2,2.5,0.383,0.254,0.607,8.1,0.464,0.474,11.8,12.6,1.4,0.7,16.2,13.3,0.8,-4.0,-0.3,2753280.0,0.829,14.828303849384488,2,Low Impact / End of Bench,2569695.8712251843,183584.1287748157
379,379,John Konchar,28.0,MEM,46.0,12.1,2.4,0.451,0.371,0.875,12.1,0.592,0.681,14.3,8.8,2.5,2.3,14.5,8.0,1.5,1.7,0.5,6165000.0,0.585,15.63439885678657,6,Versatile Player,3654684.890898389,2510315.109101611
380,380,Bronny James,20.0,LAL,27.0,6.7,2.3,0.313,0.281,0.786,7.1,0.424,0.478,5.6,16.5,2.4,1.6,15.1,20.9,-0.2,-7.2,-0.2,1955377.0,0.61,14.48609408309546,2,Low Impact / End of Bench,2276918.060302154,-321541.06030215416
381,381,Jordan McLaughlin,28.0,SAC,46.0,6.8,2.1,0.431,0.413,0.773,12.3,0.6,0.639,5.3,21.0,2.5,0.3,16.4,13.3,0.6,-1.6,0.0,2296274.0,0.488,14.646798802768483,2,Low Impact / End of Bench,1772444.942080894,523829.057919106
382,382,JD Davison,22.0,BOS,16.0,5.8,2.1,0.353,0.222,0.714,6.5,0.445,0.529,7.6,19.1,2.7,1.0,26.0,23.6,-0.2,-6.2,-0.1,2270735.0,0.744,14.635614565981587,2,Low Impact / End of Bench,2081481.1404336828,189253.85956631717
383,383,Johnny Furphy,20.0,IND,50.0,7.6,2.1,0.38,0.3,0.818,9.8,0.506,0.543,10.4,6.2,2.3,2.6,10.6,13.0,0.5,-2.5,0.0,1955377.0,0.61,14.48609408309546,2,Low Impact / End of Bench,1659602.9827845437,295774.01721545635
384,384,Dwight Powell,33.0,DAL,55.0,10.0,2.1,0.689,0.4,0.651,12.9,0.713,0.082,11.7,12.5,1.6,3.3,18.4,7.6,1.7,0.0,0.3,4000000.0,0.476,15.201805169084134,4,Defensive Anchor / Elite Rebounder,3233441.368587731,766558.6314122691
385,385,Tyler Kolek,23.0,NYK,41.0,7.2,2.0,0.329,0.298,0.765,10.3,0.453,0.573,5.2,29.5,2.0,1.3,16.7,15.8,0.4,-2.8,-0.1,2191897.0,0.622,14.60027839312064,2,Low Impact / End of Bench,1857421.4788542117,334475.52114578825
386,386,Kobe Brown,25.0,LAC,40.0,6.8,1.9,0.458,0.231,0.714,10.8,0.513,0.361,13.5,11.9,1.3,1.5,13.8,14.0,0.5,-2.1,0.0,2654880.0,0.61,14.791910390561402,2,Low Impact / End of Bench,1600025.2655056992,1054854.7344943008
387,387,Ariel Hukporti,22.0,NYK,25.0,8.7,1.9,0.677,0.0,0.462,7.6,0.654,0.0,13.5,6.4,0.2,6.4,36.4,11.6,0.1,-5.6,-0.2,1955377.0,0.622,14.48609408309546,4,Defensive Anchor / Elite Rebounder,1722257.8467232229,233119.15327677713
388,388,Bobi Klintman,21.0,DET,8.0,5.3,1.9,0.6,0.4,0.5,15.9,0.689,0.5,9.2,22.5,2.3,2.3,8.4,11.9,0.2,1.0,0.0,1955377.0,0.537,14.48609408309546,6,Versatile Player,1652450.7117267794,302926.28827322065
389,389,Garrett Temple,38.0,TOR,28.0,8.1,1.9,0.3,0.214,0.917,8.5,0.406,0.467,6.8,17.4,3.6,0.8,13.3,13.9,0.2,-3.6,-0.1,2296274.0,0.366,14.646798802768483,2,Low Impact / End of Bench,2116070.8864546996,180203.11354530044
390,390,Jericho Sims,26.0,NYK,53.0,11.9,1.8,0.634,0.0,0.615,10.0,0.639,0.0,17.6,6.4,0.8,2.8,30.1,7.6,1.3,-3.0,-0.2,2461463.0,0.622,14.716266852844925,4,Defensive Anchor / Elite Rebounder,2459978.901478791,1484.0985212088563
391,391,E.J. Liddell,24.0,CHI,12.0,4.4,1.8,0.533,0.3,1.0,11.1,0.661,0.667,8.9,7.6,0.9,1.6,11.2,14.1,0.1,-4.1,0.0,706898.0,0.476,13.4686430775308,6,Versatile Player,1427059.8428321294,-720161.8428321294
392,392,Pacome Dadiet,19.0,NYK,18.0,6.2,1.7,0.323,0.316,0.667,6.3,0.446,0.613,9.3,5.6,1.3,1.7,10.6,14.7,0.0,-6.5,-0.1,2847600.0,0.622,14.861987443384711,2,Low Impact / End of Bench,1951420.3718248021,896179.6281751979
393,393,Jordan Walsh,20.0,BOS,52.0,7.8,1.6,0.361,0.273,0.583,6.9,0.464,0.663,9.3,6.0,1.5,2.5,16.1,11.5,0.4,-3.9,-0.2,2221677.0,0.744,14.613773324189143,2,Low Impact / End of Bench,1737478.680471119,484198.319528881
394,394,Leonard Miller,21.0,MIN,13.0,2.5,1.5,0.4,0.0,1.0,19.9,0.54,0.333,19.1,0.0,3.1,2.9,9.7,27.8,0.1,-3.7,0.0,2221677.0,0.598,14.613773324189143,6,Versatile Player,2065849.4281045417,155827.57189545827
395,395,Cam Christie,19.0,LAC,13.0,4.5,1.4,0.292,0.154,0.5,9.1,0.349,0.542,11.5,13.7,4.2,1.7,7.2,20.5,0.0,-2.5,0.0,1955377.0,0.61,14.48609408309546,2,Low Impact / End of Bench,2067828.3571415627,-112451.35714156274
396,396,Xavier Tillman Sr.,26.0,BOS,33.0,7.0,1.0,0.245,0.156,0.75,2.4,0.31,0.604,10.1,3.8,2.4,2.0,20.4,13.1,-0.3,-8.1,-0.4,2546675.0,0.744,14.750299537389344,2,Low Impact / End of Bench,1887670.8193001377,659004.1806998623
397,397,Joe Ingles,37.0,MIN,19.0,6.0,0.8,0.261,0.2,0.0,2.4,0.326,0.652,5.4,25.4,0.9,0.0,28.1,12.2,-0.1,-7.0,-0.1,2296274.0,0.598,14.646798802768483,2,Low Impact / End of Bench,2148621.3308442053,147652.66915579466
