,Player,Age,Team,Games Played,Minutes Played,PTS,FG%,3P%,FT%,Offensive Production per Minute,True Shooting,3PAr,TRB%,Field Goals Assisted,Possessions end by steal,Two-point attempts blocked,Turnovers per 100 plays,Plays Used,Win Shares,Box Plus/Minus,Value Over Replacement
0,Shai Gilgeous-Alexander,26.0,OKC,76.0,34.2,32.7,0.519,0.375,0.898,30.7,0.637,0.263,7.8,31.3,2.4,3.0,8.6,34.8,16.7,11.5,8.9
1,Giannis Antetokounmpo,30.0,MIL,67.0,34.2,30.4,0.601,0.222,0.617,30.5,0.625,0.048,19.0,36.0,1.2,3.2,11.2,35.2,11.5,9.5,6.6
2,Nikola Jokić,29.0,DEN,70.0,36.7,29.6,0.576,0.417,0.8,32.0,0.663,0.243,19.1,44.1,2.4,1.6,12.8,29.5,16.4,13.3,9.8
3,Luka Dončić,25.0,LAL,50.0,35.4,28.2,0.45,0.368,0.782,24.1,0.587,0.469,12.8,36.1,2.5,1.1,13.0,33.9,5.9,6.7,3.9
4,Anthony Edwards,23.0,MIN,79.0,36.3,27.6,0.447,0.395,0.837,20.1,0.595,0.503,8.7,20.9,1.6,1.7,12.0,31.4,8.4,4.3,4.6
5,Jayson Tatum,26.0,BOS,72.0,36.4,26.8,0.452,0.343,0.814,21.7,0.582,0.497,12.9,27.0,1.5,1.3,11.2,31.2,9.5,5.2,4.8
6,Kevin Durant,36.0,PHO,62.0,36.5,26.6,0.527,0.43,0.839,21.2,0.642,0.331,9.2,19.6,1.1,3.2,12.9,28.7,5.2,3.2,3.0
7,Tyrese Maxey,24.0,PHI,52.0,37.7,26.3,0.437,0.337,0.879,19.5,0.562,0.438,5.0,28.0,2.3,1.1,9.2,29.8,3.8,2.0,2.0
8,Cade Cunningham,23.0,DET,70.0,35.0,26.1,0.469,0.356,0.846,20.6,0.565,0.287,9.6,43.0,1.4,2.1,16.0,33.2,5.9,3.9,3.7
9,Jalen Brunson,28.0,NYK,65.0,35.4,26.0,0.488,0.383,0.821,21.6,0.605,0.331,4.7,32.3,1.3,0.3,10.5,29.5,8.3,3.3,3.1
10,Paolo Banchero,22.0,ORL,46.0,34.4,25.9,0.452,0.32,0.727,20.0,0.551,0.299,12.5,26.0,1.1,1.7,11.2,33.6,3.5,3.5,2.2
11,Devin Booker,28.0,PHO,75.0,37.3,25.6,0.461,0.332,0.894,19.3,0.589,0.388,6.1,30.6,1.2,0.5,11.9,29.3,6.4,0.4,1.7
12,LaMelo Ball,23.0,CHO,47.0,32.0,25.2,0.405,0.339,0.843,19.1,0.536,0.526,8.2,43.8,1.8,0.8,13.1,35.9,2.0,3.2,2.0
13,Damian Lillard,34.0,MIL,58.0,36.1,24.9,0.448,0.376,0.921,21.3,0.621,0.528,7.1,29.7,1.6,0.4,12.2,27.8,7.6,4.0,3.2
14,Anthony Davis,31.0,LAL,51.0,33.5,24.7,0.516,0.282,0.775,26.3,0.588,0.136,19.4,18.3,1.7,6.0,9.5,30.4,6.7,5.4,3.2
15,Kyrie Irving,32.0,DAL,50.0,36.1,24.7,0.473,0.401,0.916,19.9,0.594,0.38,7.2,20.5,1.8,1.1,9.7,27.4,4.6,3.4,2.5
16,Zion Williamson,24.0,NOP,30.0,28.6,24.6,0.567,0.231,0.656,27.3,0.6,0.026,13.6,36.6,2.1,3.0,12.8,34.7,2.5,7.0,1.9
17,Stephen Curry,36.0,GSW,70.0,32.2,24.5,0.448,0.397,0.933,21.5,0.618,0.623,7.4,31.3,1.7,1.3,12.6,29.8,7.9,6.3,4.8
18,LeBron James,40.0,LAL,70.0,34.9,24.4,0.513,0.376,0.782,22.7,0.604,0.312,12.6,40.3,1.4,1.5,15.5,30.1,7.7,5.6,4.7
19,Karl-Anthony Towns,29.0,NYK,72.0,35.0,24.4,0.526,0.42,0.829,23.4,0.63,0.278,21.0,13.8,1.4,1.9,12.1,27.4,10.1,3.6,3.5
20,Victor Wembanyama,21.0,SAS,46.0,33.2,24.3,0.476,0.352,0.836,24.2,0.594,0.47,17.7,18.3,1.6,10.4,13.7,30.4,3.8,6.5,3.3
21,Franz Wagner,23.0,ORL,60.0,33.7,24.2,0.463,0.295,0.871,20.1,0.558,0.303,9.7,26.6,1.9,1.0,9.6,31.0,5.6,3.1,2.6
22,Trae Young,26.0,ATL,76.0,36.0,24.2,0.411,0.34,0.875,18.3,0.567,0.467,4.7,46.4,1.6,0.4,17.9,29.6,5.7,0.5,1.7
23,Donovan Mitchell,28.0,CLE,71.0,31.4,24.0,0.443,0.368,0.823,20.9,0.575,0.48,7.8,23.9,2.0,0.7,9.2,30.9,7.6,3.7,3.2
24,Cam Thomas,23.0,BRK,25.0,31.2,24.0,0.438,0.349,0.881,18.0,0.575,0.43,6.0,22.9,1.0,0.3,10.6,32.6,1.2,0.3,0.5
25,Tyler Herro,25.0,MIA,77.0,35.4,23.9,0.472,0.375,0.878,19.7,0.605,0.486,8.1,26.2,1.3,0.6,11.5,28.0,7.4,3.1,3.5
26,Joel Embiid,30.0,PHI,19.0,30.2,23.8,0.444,0.299,0.882,23.4,0.58,0.244,15.3,25.6,1.2,3.1,13.7,34.2,1.4,3.5,0.8
27,De'Aaron Fox,27.0,SAC,62.0,36.1,23.5,0.463,0.31,0.827,18.3,0.56,0.328,7.4,27.2,2.0,1.1,11.8,28.3,4.3,0.4,1.3
28,Zach LaVine,29.0,CHI,74.0,35.2,23.3,0.511,0.446,0.825,17.3,0.639,0.438,6.5,18.3,1.1,0.4,13.4,25.3,5.1,0.7,1.8
29,Ja Morant,25.0,MEM,50.0,30.4,23.2,0.454,0.309,0.824,19.3,0.563,0.321,7.1,36.0,1.9,0.7,15.2,32.2,3.5,2.4,1.7
30,James Harden,35.0,LAC,79.0,35.3,22.8,0.41,0.352,0.874,20.0,0.582,0.516,9.3,36.8,2.1,2.0,18.0,29.6,8.3,4.3,4.4
31,Jaylen Brown,28.0,BOS,63.0,34.3,22.2,0.463,0.324,0.764,17.8,0.555,0.32,9.3,21.4,1.7,0.8,11.4,28.9,5.2,0.0,1.1
32,DeMar DeRozan,35.0,SAC,77.0,35.9,22.2,0.477,0.328,0.857,17.7,0.569,0.196,6.0,18.7,1.1,1.1,6.5,25.0,7.1,-0.1,1.3
33,Brandon Ingram,27.0,NOP,18.0,33.1,22.2,0.465,0.374,0.855,16.0,0.56,0.345,9.1,26.8,1.3,1.8,16.2,30.2,0.0,-0.3,0.3
34,Jaren Jackson Jr.,25.0,MEM,74.0,29.8,22.2,0.488,0.375,0.781,19.6,0.591,0.321,10.0,10.1,1.9,4.7,9.9,28.1,6.4,2.3,2.4
35,Norman Powell,31.0,LAC,60.0,32.6,21.8,0.484,0.418,0.804,17.5,0.615,0.453,5.5,10.2,1.8,0.5,9.2,26.1,5.3,1.5,1.8
36,Jalen Williams,23.0,OKC,69.0,32.4,21.6,0.484,0.365,0.789,20.3,0.573,0.291,8.8,23.4,2.4,2.1,10.3,27.5,7.8,4.0,3.4
37,Kawhi Leonard,33.0,LAC,37.0,31.9,21.5,0.498,0.411,0.81,20.5,0.589,0.305,10.5,16.4,2.5,1.4,9.6,27.7,3.5,3.1,1.5
38,Jamal Murray,27.0,DEN,67.0,36.1,21.4,0.474,0.393,0.886,17.8,0.584,0.354,5.9,23.2,1.8,1.2,10.1,24.0,6.2,0.8,1.7
39,Trey Murphy III,24.0,NOP,53.0,35.0,21.2,0.454,0.361,0.887,17.3,0.598,0.522,7.8,15.9,1.5,2.0,9.9,23.7,3.5,0.8,1.3
40,RJ Barrett,24.0,TOR,58.0,32.2,21.1,0.468,0.35,0.63,16.5,0.547,0.312,10.5,27.3,1.2,0.9,12.9,28.7,2.4,0.6,1.2
41,CJ McCollum,33.0,NOP,56.0,32.7,21.1,0.444,0.373,0.717,15.8,0.55,0.459,6.2,20.6,1.2,1.3,9.0,27.2,1.5,-1.4,0.3
42,Jalen Green,22.0,HOU,82.0,32.9,21.0,0.423,0.354,0.813,15.1,0.544,0.46,7.4,16.0,1.3,0.9,11.4,27.3,5.1,0.5,1.7
43,Brandon Miller,22.0,CHO,27.0,34.2,21.0,0.403,0.355,0.861,14.0,0.54,0.597,7.6,18.3,1.5,2.1,12.6,27.7,0.4,0.0,0.4
44,Darius Garland,25.0,CLE,75.0,30.7,20.6,0.472,0.401,0.878,19.9,0.6,0.451,5.0,32.2,1.9,0.4,12.8,27.2,8.1,3.1,3.0
45,Jordan Poole,25.0,WAS,68.0,29.4,20.5,0.432,0.378,0.883,16.6,0.591,0.588,5.3,25.6,2.0,1.2,14.8,29.0,2.0,0.4,1.2
46,Coby White,24.0,CHI,74.0,33.1,20.4,0.453,0.37,0.902,15.5,0.601,0.521,5.8,19.5,1.3,0.6,12.4,24.4,4.5,-0.9,0.7
47,Miles Bridges,26.0,CHO,64.0,31.7,20.3,0.431,0.313,0.87,17.7,0.541,0.413,12.6,21.7,1.1,2.2,10.2,28.0,3.2,1.8,2.0
48,Austin Reaves,26.0,LAL,73.0,34.9,20.2,0.46,0.377,0.877,18.1,0.616,0.512,7.3,24.9,1.6,0.8,12.9,23.7,7.6,1.9,2.6
49,Pascal Siakam,30.0,IND,78.0,32.7,20.2,0.519,0.389,0.734,19.2,0.599,0.274,11.8,15.7,1.3,1.5,7.6,24.2,7.5,1.7,2.4
50,Kristaps Porziņģis,29.0,BOS,42.0,28.8,19.5,0.483,0.412,0.809,22.3,0.618,0.436,12.8,11.4,1.3,4.8,7.4,25.9,5.3,4.7,2.1
51,Scottie Barnes,23.0,TOR,65.0,32.8,19.3,0.446,0.271,0.755,17.8,0.523,0.263,12.6,27.7,2.1,2.8,13.4,27.0,3.5,2.4,2.3
52,Anfernee Simons,25.0,POR,70.0,32.7,19.3,0.426,0.363,0.902,14.9,0.557,0.527,4.5,23.3,1.3,0.2,10.6,24.6,4.2,-0.1,1.1
53,Desmond Bane,26.0,MEM,69.0,32.0,19.2,0.484,0.392,0.894,17.9,0.6,0.411,10.0,23.6,1.7,1.2,13.3,23.3,6.5,3.2,2.9
54,Domantas Sabonis,28.0,SAC,70.0,34.7,19.1,0.59,0.417,0.754,22.9,0.655,0.175,22.4,26.0,1.0,1.0,16.5,21.6,10.1,5.2,4.4
55,Alperen Şengün,22.0,HOU,76.0,31.5,19.1,0.496,0.233,0.692,21.4,0.545,0.079,17.5,24.1,1.7,2.3,12.7,26.2,8.3,4.4,3.9
56,John Collins,27.0,UTA,40.0,30.5,19.0,0.527,0.399,0.848,19.0,0.628,0.279,14.4,10.8,1.5,3.1,14.6,24.2,2.5,1.0,0.9
57,Lauri Markkanen,27.0,UTA,47.0,31.4,19.0,0.423,0.346,0.876,15.6,0.571,0.57,10.1,7.5,1.1,1.1,7.8,24.0,2.2,-0.3,0.7
58,Jalen Johnson,23.0,ATL,36.0,35.7,18.9,0.5,0.312,0.746,17.3,0.569,0.26,15.3,20.5,2.0,2.6,15.1,22.5,2.4,1.8,1.2
59,Cameron Johnson,28.0,BRK,57.0,31.6,18.8,0.475,0.39,0.893,18.2,0.632,0.546,7.8,18.5,1.5,1.4,10.5,22.9,5.1,3.1,2.3
60,Julius Randle,30.0,MIN,69.0,32.3,18.7,0.485,0.344,0.806,17.5,0.593,0.334,12.1,22.5,1.0,0.7,15.3,25.0,6.2,1.3,1.8
61,Tyrese Haliburton,24.0,IND,73.0,33.6,18.6,0.473,0.388,0.851,21.8,0.616,0.559,5.9,38.9,2.1,1.8,9.8,21.6,10.4,5.8,4.9
62,Evan Mobley,23.0,CLE,71.0,30.5,18.5,0.557,0.37,0.725,22.3,0.633,0.254,16.5,15.1,1.4,4.7,12.2,23.2,9.0,4.6,3.6
63,Shaedon Sharpe,21.0,POR,72.0,31.3,18.5,0.452,0.311,0.785,14.5,0.551,0.428,7.8,14.2,1.3,0.6,11.0,25.1,3.0,-1.3,0.4
64,Nikola Vučević,34.0,CHI,73.0,31.2,18.5,0.53,0.402,0.805,20.3,0.611,0.309,16.9,17.1,1.2,2.0,9.7,22.4,7.3,2.6,2.7
65,Collin Sexton,26.0,UTA,63.0,27.9,18.4,0.48,0.406,0.865,16.6,0.593,0.313,5.2,25.1,1.3,0.3,14.1,27.0,2.4,-0.6,0.6
66,Michael Porter Jr.,26.0,DEN,77.0,33.7,18.2,0.504,0.395,0.768,16.2,0.617,0.467,11.4,8.7,0.9,1.3,8.4,20.2,6.4,-0.1,1.2
67,Bam Adebayo,27.0,MIA,78.0,34.3,18.1,0.485,0.357,0.765,18.9,0.561,0.199,15.5,20.0,1.8,1.9,11.4,23.5,7.5,2.0,2.7
68,Andrew Wiggins,29.0,GSW,60.0,30.7,18.0,0.448,0.374,0.763,16.4,0.566,0.415,7.9,13.5,1.6,2.6,9.4,24.5,4.0,0.9,1.4
69,OG Anunoby,27.0,NYK,74.0,36.6,18.0,0.476,0.372,0.81,15.4,0.591,0.448,7.6,8.5,2.0,2.2,8.3,19.7,6.5,0.7,1.9
70,Mikal Bridges,28.0,NYK,82.0,37.0,17.6,0.5,0.354,0.814,14.0,0.585,0.391,4.9,14.4,1.2,1.3,9.7,19.6,5.7,-0.5,1.2
71,Jaden Ivey,22.0,DET,30.0,29.9,17.6,0.46,0.409,0.733,14.7,0.569,0.373,7.6,19.7,1.5,1.2,16.1,26.0,1.2,0.0,0.5
72,Jimmy Butler,35.0,GSW,55.0,31.7,17.5,0.504,0.308,0.842,22.4,0.626,0.174,9.2,25.5,2.2,1.0,8.8,20.8,8.7,4.9,3.0
73,Dejounte Murray,28.0,NOP,31.0,32.6,17.5,0.393,0.299,0.823,15.4,0.494,0.352,10.7,34.6,3.0,1.1,16.2,27.3,0.2,-1.6,0.1
74,Malik Monk,26.0,SAC,65.0,31.6,17.2,0.439,0.325,0.865,15.0,0.549,0.456,6.7,25.7,1.5,1.8,13.5,24.6,2.8,-0.8,0.6
75,Immanuel Quickley,25.0,TOR,33.0,27.8,17.1,0.42,0.378,0.867,17.5,0.57,0.514,6.8,31.5,1.2,0.4,10.5,25.1,2.5,2.2,1.0
76,De'Andre Hunter,27.0,ATL,64.0,27.2,17.0,0.47,0.405,0.846,15.9,0.623,0.509,8.1,7.5,1.4,0.7,8.6,22.8,4.4,0.4,1.0
77,Bradley Beal,31.0,PHO,53.0,32.1,17.0,0.497,0.386,0.803,15.2,0.598,0.38,5.8,17.6,1.7,1.5,11.6,22.1,2.4,-1.1,0.4
78,Deni Avdija,24.0,POR,72.0,30.0,16.9,0.476,0.365,0.78,17.7,0.605,0.405,13.1,19.9,1.6,1.5,16.3,23.2,5.6,2.1,2.2
79,Keyonte George,21.0,UTA,67.0,31.5,16.8,0.391,0.343,0.818,12.9,0.539,0.552,6.5,26.9,1.0,0.4,14.9,24.3,1.1,-2.7,-0.3
80,Ivica Zubac,27.0,LAC,80.0,32.8,16.8,0.628,0.0,0.661,22.3,0.641,0.0,21.8,12.8,1.0,3.4,10.8,19.5,11.7,3.1,3.4
81,Derrick White,30.0,BOS,76.0,33.9,16.4,0.442,0.384,0.839,16.6,0.606,0.721,7.2,20.2,1.4,2.9,11.3,19.8,8.5,3.5,3.6
82,Malik Beasley,28.0,DET,82.0,27.8,16.3,0.43,0.416,0.679,14.4,0.59,0.715,5.2,8.9,1.5,0.2,6.8,22.5,4.7,0.8,1.6
83,Devin Vassell,24.0,SAS,64.0,31.0,16.3,0.443,0.368,0.792,14.2,0.553,0.483,6.9,13.8,2.0,1.5,8.5,22.1,2.2,-1.1,0.4
84,Jordan Clarkson,32.0,UTA,37.0,26.0,16.2,0.408,0.362,0.797,14.5,0.54,0.471,6.6,22.9,1.5,0.9,13.4,27.8,0.4,-1.5,0.1
85,Paul George,34.0,PHI,41.0,32.5,16.2,0.43,0.358,0.814,14.5,0.543,0.47,9.3,20.9,2.8,1.5,14.7,23.5,1.0,-0.4,0.5
86,Jalen Suggs,23.0,ORL,35.0,28.6,16.2,0.41,0.314,0.882,14.4,0.536,0.503,8.1,21.6,2.5,3.2,16.2,27.5,1.1,0.4,0.6
87,Bennedict Mathurin,22.0,IND,72.0,29.8,16.1,0.458,0.34,0.831,13.6,0.579,0.338,9.9,8.8,1.1,1.0,11.9,22.8,3.0,-2.9,-0.5
88,Myles Turner,28.0,IND,72.0,30.2,15.6,0.481,0.396,0.773,16.1,0.612,0.486,12.1,7.1,1.2,6.0,11.8,20.7,4.7,0.4,1.3
89,Christian Braun,23.0,DEN,79.0,33.9,15.4,0.58,0.397,0.827,16.0,0.665,0.273,8.4,10.1,1.5,1.2,8.1,15.8,8.0,0.3,1.6
90,Jonathan Kuminga,22.0,GSW,47.0,24.3,15.3,0.454,0.305,0.668,15.7,0.535,0.266,10.2,14.6,1.6,1.7,9.6,27.4,1.9,-0.6,0.4
91,Jared McCain,20.0,PHI,23.0,25.7,15.3,0.46,0.383,0.875,15.2,0.589,0.485,5.4,16.7,1.2,0.0,11.0,24.7,0.7,0.2,0.3
92,Mark Williams,23.0,CHO,44.0,26.6,15.3,0.604,0.0,0.804,23.9,0.647,0.009,20.3,16.5,1.3,4.5,12.0,21.4,4.7,3.5,1.6
93,Kelly Oubre Jr.,29.0,PHI,60.0,34.6,15.1,0.47,0.293,0.751,13.5,0.551,0.327,10.0,7.9,2.2,1.4,8.9,18.9,2.6,-2.3,-0.1
94,Chet Holmgren,22.0,OKC,32.0,27.4,15.0,0.49,0.379,0.754,19.2,0.599,0.34,15.7,9.7,1.3,8.2,12.3,22.0,3.2,2.4,1.0
95,Kyle Kuzma,29.0,MIL,65.0,29.8,14.8,0.436,0.307,0.634,10.6,0.514,0.369,10.2,12.1,0.9,0.9,13.5,24.0,-0.9,-4.9,-1.4
96,Stephon Castle,20.0,SAS,81.0,26.7,14.7,0.428,0.285,0.724,13.7,0.522,0.337,7.4,22.8,1.7,0.9,13.4,26.0,1.1,-3.2,-0.6
97,Aaron Gordon,29.0,DEN,51.0,28.4,14.7,0.531,0.436,0.81,17.0,0.65,0.346,9.4,15.0,0.8,0.9,11.3,19.0,4.3,1.2,1.2
98,P.J. Washington,26.0,DAL,57.0,32.2,14.7,0.453,0.381,0.722,14.0,0.556,0.359,13.1,10.1,1.7,2.8,13.6,20.4,2.4,-0.9,0.5
99,Quentin Grimes,24.0,DAL,75.0,26.8,14.6,0.467,0.385,0.757,15.9,0.595,0.512,8.9,17.7,1.8,1.0,13.3,22.8,3.4,0.4,1.2
100,Josh Giddey,22.0,CHI,70.0,30.2,14.6,0.465,0.378,0.781,18.1,0.57,0.348,14.0,32.9,1.9,1.8,18.4,21.7,5.3,3.0,2.7
101,Jakob Poeltl,29.0,TOR,57.0,29.6,14.5,0.627,0.333,0.674,20.0,0.641,0.005,17.4,14.5,1.9,4.0,14.7,18.7,5.5,2.0,1.7
102,Deandre Ayton,26.0,POR,40.0,30.2,14.4,0.566,0.188,0.667,17.7,0.583,0.068,18.2,8.5,1.2,2.9,12.2,19.4,2.8,-0.7,0.4
103,Gradey Dick,21.0,TOR,54.0,29.4,14.4,0.41,0.35,0.858,10.9,0.543,0.504,6.5,8.9,1.5,0.6,10.4,21.0,1.4,-3.2,-0.5
104,Jerami Grant,30.0,POR,47.0,32.4,14.4,0.373,0.365,0.849,10.9,0.523,0.516,5.8,9.5,1.3,2.7,9.1,19.4,1.8,-1.6,0.1
105,Payton Pritchard,27.0,BOS,80.0,28.4,14.3,0.472,0.407,0.845,17.6,0.633,0.723,7.3,18.1,1.5,0.6,8.4,19.0,8.6,3.5,3.2
106,Naz Reid,25.0,MIN,80.0,27.5,14.2,0.462,0.379,0.776,15.8,0.577,0.501,12.1,12.6,1.3,3.0,9.9,21.5,5.7,1.6,2.0
107,Dyson Daniels,21.0,ATL,76.0,33.8,14.1,0.493,0.34,0.593,15.6,0.545,0.255,9.6,17.9,4.2,2.0,13.6,18.2,5.0,1.5,2.3
108,Tre Mann,23.0,CHO,13.0,24.5,14.1,0.435,0.4,0.905,13.3,0.537,0.373,6.3,21.2,1.1,1.2,12.8,26.0,0.1,-2.4,0.0
109,Amen Thompson,22.0,HOU,69.0,32.2,14.1,0.557,0.275,0.684,18.7,0.602,0.131,13.5,16.9,2.1,3.6,14.6,17.5,8.0,4.1,3.4
110,Fred VanVleet,30.0,HOU,60.0,35.2,14.1,0.378,0.345,0.81,12.8,0.515,0.607,5.6,21.2,2.2,1.1,9.6,17.7,5.2,0.9,1.5
111,Dillon Brooks,29.0,HOU,75.0,31.8,14.0,0.429,0.397,0.818,11.0,0.555,0.524,6.1,7.4,1.2,0.6,7.4,17.7,5.1,-1.4,0.4
112,Tolu Smith,24.0,DET,1.0,22.0,14.0,0.667,0.0,0.667,19.5,0.678,0.0,20.1,0.0,0.0,0.0,16.2,23.6,0.1,-8.9,0.0
113,Klay Thompson,34.0,DAL,72.0,27.3,14.0,0.412,0.391,0.905,12.9,0.552,0.631,6.8,10.7,1.2,1.3,8.8,21.8,1.8,-1.0,0.5
114,Bobby Portis,29.0,MIL,49.0,25.4,13.9,0.466,0.365,0.836,17.7,0.542,0.299,18.0,12.9,1.4,1.9,8.3,24.1,2.7,0.2,0.7
115,Tobias Harris,32.0,DET,73.0,31.6,13.7,0.477,0.345,0.861,13.9,0.571,0.328,10.4,9.8,1.5,2.4,8.8,17.6,5.2,0.1,1.2
116,Josh Hart,29.0,NYK,77.0,37.6,13.6,0.525,0.333,0.776,16.5,0.611,0.327,14.6,20.7,2.0,0.9,15.5,15.3,9.2,2.8,3.6
117,Jarrett Allen,26.0,CLE,82.0,28.0,13.5,0.706,0.0,0.718,22.1,0.724,0.008,18.8,9.5,1.6,2.9,11.3,15.9,11.6,4.2,3.6
118,Onyeka Okongwu,24.0,ATL,74.0,27.9,13.4,0.567,0.324,0.759,19.0,0.634,0.216,17.5,11.4,1.6,3.0,10.4,17.3,7.2,1.3,1.7
119,Russell Westbrook,36.0,DEN,75.0,27.9,13.3,0.449,0.323,0.661,14.3,0.532,0.35,9.7,28.8,2.4,1.6,20.6,23.8,1.9,-1.1,0.5
120,Naji Marshall,27.0,DAL,69.0,27.8,13.2,0.508,0.275,0.813,15.1,0.584,0.306,9.3,15.8,1.8,0.5,12.5,20.0,3.5,-0.8,0.6
121,Dennis Schröder,31.0,DET,75.0,28.1,13.1,0.406,0.342,0.838,12.7,0.531,0.449,5.2,28.7,1.5,0.6,13.3,21.6,3.2,-2.2,-0.1
122,Rui Hachimura,26.0,LAL,59.0,31.7,13.1,0.509,0.413,0.77,13.6,0.619,0.429,8.9,6.4,1.2,1.3,7.3,15.8,4.3,-0.7,0.6
123,Brook Lopez,36.0,MIL,80.0,31.8,13.0,0.509,0.373,0.826,14.8,0.624,0.482,8.6,7.8,0.9,5.4,9.1,15.8,6.6,0.8,1.8
124,Alex Sarr,19.0,WAS,67.0,27.1,13.0,0.394,0.308,0.679,12.9,0.482,0.412,12.5,13.9,1.2,5.0,11.2,23.5,-0.3,-3.3,-0.6
125,Moritz Wagner,27.0,ORL,30.0,18.8,12.9,0.562,0.36,0.718,22.3,0.649,0.301,15.0,13.7,2.1,2.0,14.1,26.8,2.0,4.0,0.9
126,Malcolm Brogdon,32.0,WAS,24.0,23.5,12.7,0.433,0.286,0.88,15.8,0.544,0.233,8.4,27.4,1.1,0.8,11.9,23.7,0.7,-1.5,0.1
127,Scoot Henderson,20.0,POR,66.0,26.7,12.7,0.419,0.354,0.767,12.5,0.54,0.434,6.1,28.1,1.9,0.7,18.6,22.5,1.8,-2.2,-0.1
128,Keldon Johnson,25.0,SAS,77.0,23.9,12.7,0.482,0.318,0.773,15.6,0.572,0.356,10.8,10.2,1.3,1.1,8.3,21.6,3.2,-1.6,0.2
129,D'Angelo Russell,28.0,LAL,58.0,25.5,12.6,0.39,0.314,0.834,14.0,0.522,0.564,6.2,31.2,1.9,1.5,13.3,24.0,1.9,-0.4,0.6
130,Zaccharie Risacher,19.0,ATL,75.0,24.6,12.6,0.458,0.355,0.711,12.2,0.558,0.442,8.0,7.1,1.3,1.8,9.8,20.9,1.8,-3.5,-0.7
131,Santi Aldama,24.0,MEM,65.0,25.5,12.5,0.483,0.368,0.691,16.8,0.588,0.503,13.3,15.2,1.5,1.6,9.3,18.5,5.0,3.2,2.2
132,Ty Jerome,27.0,CLE,70.0,19.9,12.5,0.516,0.439,0.872,21.0,0.643,0.409,6.7,24.5,2.7,0.2,11.9,23.6,5.9,4.3,2.2
133,Keegan Murray,24.0,SAC,76.0,34.3,12.4,0.444,0.343,0.833,12.0,0.553,0.548,10.9,5.6,1.1,2.6,6.6,15.0,4.4,-1.6,0.2
134,Lonnie Walker IV,26.0,PHI,20.0,23.9,12.4,0.42,0.354,0.8,13.1,0.548,0.599,7.5,16.5,1.0,1.0,10.0,22.8,0.3,-2.4,0.0
135,Harrison Barnes,32.0,SAS,82.0,27.2,12.3,0.508,0.433,0.809,14.9,0.656,0.527,7.4,8.6,0.8,0.6,6.1,15.7,5.6,0.0,1.2
136,Bilal Coulibaly,20.0,WAS,59.0,33.0,12.3,0.421,0.281,0.746,10.8,0.515,0.359,7.8,14.9,1.9,1.9,15.1,17.9,0.3,-3.7,-0.8
137,Ayo Dosunmu,25.0,CHI,46.0,30.3,12.3,0.492,0.328,0.785,12.8,0.585,0.421,6.1,20.2,1.4,1.1,12.5,16.6,2.5,-1.6,0.1
138,Daniel Gafford,26.0,DAL,57.0,21.5,12.3,0.702,0.0,0.689,24.7,0.716,0.0,17.2,10.2,0.9,7.1,11.9,19.5,5.9,3.8,1.8
139,Jaden McDaniels,24.0,MIN,82.0,31.9,12.2,0.477,0.33,0.813,13.3,0.562,0.363,10.0,9.0,2.1,2.6,9.6,16.3,6.3,0.0,1.4
140,Jabari Smith Jr.,21.0,HOU,57.0,30.1,12.2,0.438,0.354,0.825,12.6,0.562,0.489,12.4,4.7,0.7,2.1,8.9,16.4,4.2,-0.7,0.6
141,Caris LeVert,30.0,CLE,64.0,24.9,12.1,0.467,0.373,0.71,15.2,0.582,0.474,6.9,18.1,1.7,1.9,10.2,19.4,4.0,0.9,1.2
142,Drew Timme,24.0,BRK,9.0,28.2,12.1,0.441,0.257,0.625,11.0,0.5,0.343,14.5,13.1,0.8,0.4,12.1,21.3,0.0,-6.7,-0.3
143,Tari Eason,23.0,HOU,57.0,24.9,12.0,0.487,0.342,0.76,18.5,0.567,0.329,13.6,8.5,3.3,3.2,9.7,19.4,5.0,3.6,2.0
144,Rudy Gobert,32.0,MIN,72.0,33.2,12.0,0.669,0.0,0.674,18.3,0.687,0.0,18.2,7.5,1.2,4.1,12.4,13.0,10.1,1.9,2.4
145,Aaron Nesmith,25.0,IND,45.0,25.0,12.0,0.507,0.431,0.913,14.6,0.653,0.515,8.8,6.6,1.5,1.4,8.2,17.4,2.9,-0.5,0.4
146,Aaron Wiggins,26.0,OKC,76.0,22.9,12.0,0.488,0.383,0.831,16.1,0.596,0.466,9.1,10.6,1.7,1.0,8.3,20.3,5.4,1.1,1.4
147,Khris Middleton,33.0,MIL,37.0,22.8,11.9,0.475,0.361,0.857,16.7,0.588,0.395,8.7,26.8,2.0,0.9,13.0,22.0,2.0,0.7,0.6
148,Jalen Duren,21.0,DET,78.0,26.1,11.8,0.692,0.0,0.669,21.4,0.703,0.0,22.0,14.7,1.3,4.2,17.2,16.4,9.2,3.1,2.7
149,Donte DiVincenzo,28.0,MIN,62.0,25.9,11.7,0.422,0.397,0.778,14.1,0.582,0.739,7.9,20.2,2.2,1.0,13.8,19.4,3.9,1.9,1.6
150,Brandin Podziemski,21.0,GSW,64.0,26.8,11.7,0.445,0.372,0.758,14.4,0.557,0.491,10.2,18.7,2.0,0.7,10.1,18.3,4.2,0.7,1.2
151,Corey Kispert,25.0,WAS,61.0,26.3,11.6,0.451,0.364,0.852,11.0,0.584,0.584,5.9,9.7,0.8,0.8,9.6,17.5,1.1,-3.7,-0.7
152,Jeremy Sochan,21.0,SAS,54.0,25.3,11.4,0.535,0.308,0.696,15.9,0.589,0.194,13.8,13.7,1.6,1.8,13.8,19.0,2.7,-1.2,0.3
153,Toumani Camara,24.0,POR,78.0,32.7,11.3,0.458,0.375,0.722,12.5,0.572,0.503,9.6,9.6,2.2,1.8,12.4,14.4,5.2,-0.1,1.2
154,Isaiah Hartenstein,26.0,OKC,57.0,27.9,11.2,0.581,0.0,0.675,18.9,0.599,0.04,20.6,18.3,1.4,3.9,15.3,16.7,6.8,3.2,2.1
155,Buddy Hield,32.0,GSW,82.0,22.7,11.1,0.417,0.37,0.828,12.3,0.56,0.698,7.6,10.7,1.8,1.2,10.1,20.5,2.8,-1.0,0.5
156,Jrue Holiday,34.0,BOS,62.0,30.6,11.1,0.443,0.353,0.909,13.5,0.565,0.534,7.6,17.3,1.7,1.3,11.3,15.8,5.1,0.7,1.3
157,Walker Kessler,23.0,UTA,58.0,30.0,11.1,0.663,0.176,0.52,20.0,0.66,0.081,21.9,8.3,1.0,7.4,15.0,13.7,5.4,1.8,1.7
158,Gary Trent Jr.,26.0,MIL,74.0,25.6,11.1,0.431,0.416,0.848,11.7,0.591,0.659,4.8,6.4,1.8,0.2,5.7,17.1,3.3,-1.6,0.2
159,Spencer Dinwiddie,31.0,DAL,79.0,27.0,11.0,0.416,0.334,0.802,13.0,0.553,0.478,5.3,22.1,1.6,0.7,11.4,17.9,3.7,-1.6,0.2
160,Tim Hardaway Jr.,32.0,DET,77.0,28.0,11.0,0.406,0.368,0.855,9.8,0.567,0.672,4.7,7.6,0.8,0.3,6.1,15.5,3.5,-2.1,0.0
161,Duncan Robinson,30.0,MIA,74.0,24.1,11.0,0.437,0.393,0.887,11.8,0.595,0.729,5.2,14.7,1.1,0.3,11.1,19.2,2.7,-1.7,0.1
162,Guerschon Yabusele,29.0,PHI,70.0,27.1,11.0,0.501,0.38,0.725,14.7,0.616,0.487,11.8,11.6,1.5,1.2,12.2,16.3,3.9,-1.0,0.5
163,Brice Sensabaugh,21.0,UTA,71.0,20.2,10.9,0.459,0.422,0.89,13.4,0.612,0.621,7.9,12.0,1.5,0.5,14.5,21.5,1.2,-1.2,0.3
164,Bogdan Bogdanović,32.0,LAC,54.0,25.0,10.8,0.427,0.363,0.879,11.1,0.559,0.587,6.6,15.2,1.5,0.8,12.4,18.7,1.9,-2.0,0.0
165,Jordan Hawkins,22.0,NOP,56.0,23.6,10.8,0.372,0.331,0.816,9.6,0.504,0.597,6.5,7.3,1.1,1.7,8.8,21.0,-0.5,-5.4,-1.2
166,Brandon Boston Jr.,23.0,NOP,42.0,23.6,10.7,0.436,0.35,0.788,12.7,0.535,0.367,7.3,13.7,2.6,0.9,11.1,20.0,0.7,-2.5,-0.1
167,Nikola Jović,21.0,MIA,46.0,25.1,10.7,0.456,0.371,0.828,13.8,0.595,0.557,8.6,16.6,1.6,1.1,12.6,18.3,2.5,0.3,0.7
168,Grayson Allen,29.0,PHO,64.0,24.1,10.6,0.448,0.426,0.816,13.7,0.631,0.716,7.0,12.5,1.7,1.2,12.2,17.6,2.5,-0.3,0.7
169,Keon Johnson,22.0,BRK,79.0,24.4,10.6,0.389,0.314,0.77,10.4,0.499,0.515,8.8,14.6,2.1,1.5,12.1,21.7,0.5,-3.3,-0.6
170,Terry Rozier,30.0,MIA,64.0,25.9,10.6,0.391,0.295,0.852,10.5,0.497,0.485,7.9,14.8,1.1,0.8,10.3,20.4,1.0,-3.7,-0.7
171,Obi Toppin,26.0,IND,79.0,19.6,10.5,0.529,0.365,0.781,17.4,0.642,0.503,11.5,11.9,1.4,1.6,9.5,20.1,4.3,1.7,1.4
172,Jonas Valančiūnas,32.0,WAS,81.0,18.8,10.4,0.55,0.216,0.879,20.8,0.602,0.059,22.0,17.6,1.2,2.8,14.6,22.8,4.3,0.6,1.0
173,Ochai Agbaji,24.0,TOR,64.0,27.2,10.4,0.498,0.399,0.708,12.0,0.601,0.474,7.5,7.9,1.6,1.6,8.9,14.6,3.1,-0.7,0.5
174,Jaylen Wells,21.0,MEM,79.0,25.9,10.4,0.425,0.352,0.822,10.5,0.56,0.58,6.9,8.4,1.0,0.4,8.6,15.9,3.5,-2.2,-0.1
175,Grant Williams,26.0,CHO,16.0,29.9,10.4,0.439,0.365,0.838,11.5,0.596,0.602,9.1,11.3,1.8,2.7,16.7,14.8,0.7,-1.6,0.1
176,Kevin Porter Jr.,24.0,LAC,75.0,19.8,10.3,0.449,0.311,0.769,15.4,0.531,0.271,10.4,25.9,2.7,0.9,15.8,25.4,2.2,-0.6,0.5
177,Jose Alvarado,26.0,NOP,56.0,24.4,10.3,0.392,0.359,0.811,13.4,0.523,0.593,5.4,27.3,2.6,1.0,13.4,19.8,1.2,-1.4,0.2
178,Nic Claxton,25.0,BRK,70.0,26.9,10.3,0.563,0.238,0.513,16.5,0.569,0.037,15.5,13.7,1.6,5.3,12.0,16.8,4.3,0.4,1.1
179,Herbert Jones,26.0,NOP,20.0,32.4,10.3,0.436,0.306,0.825,10.4,0.541,0.419,6.5,13.8,2.8,1.3,15.6,14.6,0.4,-3.6,-0.3
180,De'Anthony Melton,26.0,GSW,6.0,20.2,10.3,0.407,0.371,0.625,13.3,0.539,0.648,8.9,21.1,2.8,1.6,14.8,23.5,0.2,-0.8,0.0
181,Isaiah Joe,25.0,OKC,74.0,21.7,10.2,0.44,0.412,0.821,14.0,0.617,0.793,6.6,9.7,1.4,0.6,5.8,17.2,5.1,1.3,1.4
182,Tyus Jones,28.0,PHO,81.0,26.8,10.2,0.448,0.414,0.895,14.5,0.585,0.587,5.0,27.7,1.6,0.3,11.4,16.2,4.4,0.1,1.1
183,Trendon Watford,24.0,BRK,44.0,20.8,10.2,0.469,0.33,0.762,13.0,0.557,0.251,9.9,21.0,1.5,1.3,17.1,23.3,0.7,-3.1,-0.3
184,Keion Brooks Jr.,24.0,NOP,14.0,23.7,10.1,0.486,0.326,0.733,12.8,0.581,0.394,9.4,5.7,1.5,2.9,8.9,17.1,0.4,-3.5,-0.1
185,Luguentz Dort,25.0,OKC,71.0,29.2,10.1,0.435,0.412,0.717,11.3,0.586,0.696,7.6,6.9,1.8,1.9,7.7,13.6,5.6,0.2,1.2
186,Justin Edwards,21.0,PHI,44.0,26.3,10.1,0.455,0.363,0.696,11.3,0.559,0.503,7.3,8.9,1.9,1.4,11.0,16.9,0.9,-3.7,-0.5
187,Derrick Jones Jr.,27.0,LAC,77.0,24.3,10.1,0.526,0.356,0.703,13.5,0.609,0.372,8.0,4.6,2.1,1.7,9.3,16.5,4.7,-0.3,0.8
188,Ausar Thompson,22.0,DET,59.0,22.5,10.1,0.535,0.224,0.641,17.2,0.568,0.107,12.6,14.4,3.5,2.9,13.3,19.1,3.8,1.7,1.2
189,Chris Boucher,32.0,TOR,50.0,17.2,10.0,0.492,0.363,0.782,18.7,0.615,0.522,13.9,5.9,1.3,2.8,6.6,21.2,2.7,2.3,0.9
190,Andrew Nembhard,25.0,IND,65.0,28.9,10.0,0.458,0.291,0.794,11.7,0.545,0.325,6.4,22.5,2.0,0.5,15.8,16.3,2.8,-2.3,-0.1
191,Ziaire Williams,23.0,BRK,63.0,24.5,10.0,0.412,0.341,0.821,11.9,0.55,0.581,10.6,8.5,2.0,1.8,10.5,18.2,2.1,-2.3,-0.1
192,Kevin Huerter,26.0,SAC,69.0,24.3,9.9,0.425,0.338,0.714,11.3,0.544,0.647,6.7,12.6,1.9,1.3,9.7,17.5,1.9,-2.0,0.0
193,Georges Niang,31.0,CLE,79.0,21.5,9.9,0.461,0.406,0.793,11.2,0.607,0.66,8.7,8.8,0.8,0.8,11.3,17.9,2.9,-2.3,-0.1
194,Julian Champagnie,23.0,SAS,82.0,23.6,9.9,0.415,0.371,0.904,12.2,0.577,0.722,8.8,7.9,1.5,1.6,9.5,17.2,2.5,-1.3,0.4
195,Scotty Pippen Jr.,24.0,MEM,79.0,21.3,9.9,0.48,0.397,0.713,15.8,0.582,0.369,8.1,27.1,2.8,1.6,17.1,19.3,4.7,1.9,1.7
196,Nick Smith Jr.,20.0,CHO,60.0,22.8,9.9,0.391,0.34,0.935,8.3,0.502,0.539,5.0,16.7,0.6,0.4,12.2,20.8,-0.5,-5.7,-1.3
197,Bub Carrington,19.0,WAS,82.0,30.0,9.8,0.401,0.339,0.812,9.0,0.514,0.544,7.2,21.2,1.0,0.8,15.2,15.8,0.2,-4.6,-1.6
198,Moses Moody,22.0,GSW,74.0,22.3,9.8,0.433,0.374,0.797,12.4,0.578,0.593,6.2,8.3,1.7,1.8,7.9,17.4,3.5,-0.9,0.5
199,Amir Coffey,27.0,LAC,72.0,24.3,9.7,0.471,0.409,0.891,11.2,0.614,0.484,5.2,6.1,1.1,0.4,7.4,15.3,4.0,-1.7,0.1
200,Max Christie,21.0,LAL,78.0,27.3,9.6,0.427,0.366,0.855,10.4,0.57,0.532,6.7,9.2,1.5,1.3,11.8,15.2,2.7,-2.5,-0.3
201,Kyle Filipowski,21.0,UTA,72.0,21.1,9.6,0.502,0.35,0.65,14.9,0.594,0.425,15.6,13.9,1.5,1.4,14.9,18.7,2.5,-1.0,0.4
202,Tosan Evbuomwan,23.0,BRK,28.0,23.8,9.5,0.427,0.312,0.753,11.6,0.53,0.35,10.2,12.9,1.8,1.5,13.4,19.1,0.6,-3.2,-0.2
203,Miles McBride,24.0,NYK,64.0,24.9,9.5,0.406,0.369,0.813,12.6,0.531,0.57,5.8,15.6,2.1,1.0,6.7,16.8,3.2,0.0,0.8
204,Jalen Wilson,24.0,BRK,79.0,25.7,9.5,0.397,0.337,0.818,9.5,0.541,0.584,7.5,10.8,1.0,0.2,10.2,16.6,1.9,-3.9,-1.0
205,Nickeil Alexander-Walker,26.0,MIN,82.0,25.3,9.4,0.438,0.381,0.78,11.6,0.579,0.601,7.1,15.0,1.2,1.5,12.9,16.0,4.3,-0.4,0.8
206,Cole Anthony,24.0,ORL,67.0,18.4,9.4,0.424,0.353,0.823,14.2,0.531,0.401,9.5,25.5,1.8,2.5,14.8,24.6,2.0,0.1,0.7
207,Anthony Black,21.0,ORL,78.0,24.2,9.4,0.423,0.318,0.761,11.6,0.521,0.315,7.0,19.4,2.3,2.4,16.4,19.6,2.4,-1.9,0.0
208,Max Strus,28.0,CLE,50.0,25.5,9.4,0.442,0.386,0.824,12.6,0.607,0.786,9.2,15.6,1.0,0.9,12.2,14.7,3.4,1.3,1.1
209,Tristan Vukcevic,21.0,WAS,35.0,14.7,9.4,0.496,0.373,0.776,17.8,0.608,0.421,13.2,13.0,1.0,4.0,13.4,25.7,0.7,-0.5,0.2
210,Cam Whitmore,20.0,HOU,51.0,16.2,9.4,0.444,0.355,0.75,15.5,0.549,0.454,9.7,8.9,1.8,1.4,9.6,23.9,1.8,0.3,0.5
211,Nick Richards,27.0,PHO,57.0,22.0,9.3,0.591,0.0,0.744,16.6,0.634,0.006,20.4,5.9,0.5,4.2,16.3,17.3,3.0,-3.3,-0.4
212,Kel'el Ware,20.0,MIA,64.0,22.2,9.3,0.554,0.315,0.687,17.4,0.603,0.239,18.4,6.5,1.4,4.8,10.4,17.2,4.1,-0.1,0.7
213,Zach Edey,22.0,MEM,66.0,21.5,9.2,0.58,0.346,0.709,18.2,0.624,0.12,20.5,6.1,1.2,5.5,15.3,16.4,4.9,-0.1,0.7
214,Wendell Carter Jr.,25.0,ORL,68.0,25.9,9.1,0.46,0.234,0.737,13.7,0.544,0.322,16.0,11.5,1.5,2.2,11.9,16.0,4.6,-1.2,0.3
215,Noah Clowney,20.0,BRK,46.0,22.7,9.1,0.358,0.333,0.838,9.2,0.516,0.702,9.9,5.9,1.1,2.0,10.2,19.0,0.5,-4.1,-0.5
216,Dalton Knecht,23.0,LAL,78.0,19.2,9.1,0.461,0.376,0.762,12.7,0.594,0.61,8.1,6.5,0.8,0.5,5.9,18.5,2.7,-1.8,0.1
217,A.J. Lawson,24.0,TOR,26.0,18.7,9.1,0.421,0.327,0.683,12.7,0.542,0.532,9.5,9.1,1.3,1.2,6.4,20.0,0.8,-2.5,-0.1
218,T.J. McConnell,32.0,IND,79.0,17.9,9.1,0.519,0.306,0.74,18.4,0.547,0.079,7.6,37.0,2.8,1.3,14.2,23.4,3.2,1.2,1.2
219,Yves Missi,20.0,NOP,73.0,26.8,9.1,0.547,0.0,0.623,15.4,0.572,0.002,16.6,7.2,0.9,4.8,12.4,14.3,3.6,-3.0,-0.5
220,Royce O'Neale,31.0,PHO,75.0,24.5,9.1,0.423,0.406,0.731,12.6,0.585,0.774,10.6,12.3,1.8,1.7,10.1,15.5,2.8,0.1,1.0
221,Jared Butler,24.0,WAS,60.0,17.4,9.0,0.448,0.355,0.824,15.6,0.549,0.373,5.8,33.8,2.0,1.2,14.0,23.6,1.4,-1.0,0.3
222,Marcus Smart,30.0,MEM,34.0,20.0,9.0,0.393,0.348,0.761,12.4,0.529,0.549,5.6,21.7,2.7,1.2,15.8,20.6,0.7,-1.5,0.1
223,Draymond Green,34.0,GSW,68.0,29.2,9.0,0.424,0.325,0.687,12.4,0.534,0.483,11.2,26.2,2.4,3.4,23.3,15.9,3.7,0.5,1.3
224,Killian Hayes,23.0,BRK,6.0,27.0,9.0,0.419,0.381,0.833,12.7,0.559,0.488,6.3,28.6,1.2,2.5,15.7,15.5,0.3,-0.6,0.1
225,Al Horford,38.0,BOS,60.0,27.7,9.0,0.423,0.363,0.895,12.9,0.563,0.681,12.1,10.4,1.1,2.8,8.8,13.8,4.4,1.2,1.3
226,Julian Strawther,22.0,DEN,65.0,21.3,9.0,0.432,0.349,0.822,9.5,0.559,0.553,5.6,7.6,1.4,1.0,9.8,17.8,1.3,-4.5,-0.9
227,Patrick Williams,23.0,CHI,63.0,25.0,9.0,0.397,0.353,0.723,9.0,0.512,0.527,7.9,10.3,1.4,1.8,13.5,16.9,0.4,-3.7,-0.7
228,Jusuf Nurkić,30.0,CHO,51.0,20.8,8.9,0.477,0.305,0.664,15.2,0.555,0.298,20.5,16.8,1.9,3.1,19.2,20.6,1.5,-1.3,0.2
229,Clint Capela,30.0,ATL,55.0,21.4,8.9,0.559,0.0,0.536,17.7,0.564,0.003,21.8,7.4,1.4,4.1,9.8,16.7,3.2,-1.0,0.3
230,Johnny Juzang,23.0,UTA,64.0,19.8,8.9,0.429,0.376,0.849,11.8,0.573,0.661,7.8,7.9,1.5,0.6,6.7,17.6,1.6,-2.3,-0.1
231,Luke Kennard,28.0,MEM,65.0,22.6,8.9,0.478,0.433,0.895,13.6,0.631,0.606,6.6,18.5,1.6,0.3,13.6,14.5,3.9,1.1,1.2
232,Justin Champagnie,23.0,WAS,62.0,21.6,8.8,0.511,0.383,0.685,15.7,0.614,0.47,13.6,6.8,2.3,2.6,10.9,15.6,2.8,-0.5,0.5
233,Svi Mykhailiuk,27.0,UTA,38.0,20.0,8.8,0.391,0.345,0.8,9.8,0.526,0.672,6.4,14.7,1.2,0.9,14.1,20.3,-0.1,-3.5,-0.3
234,Chris Paul,39.0,SAS,82.0,28.0,8.8,0.427,0.377,0.924,14.7,0.58,0.636,6.9,34.8,2.2,0.9,17.1,14.0,5.7,0.8,1.6
235,Kelly Olynyk,33.0,TOR,44.0,20.3,8.7,0.5,0.418,0.769,14.9,0.609,0.295,12.4,20.5,1.8,2.0,19.4,18.5,1.7,-0.7,0.3
236,Dorian Finney-Smith,31.0,LAL,63.0,28.9,8.7,0.448,0.411,0.667,10.1,0.604,0.722,7.7,6.9,1.6,1.2,11.0,12.3,2.9,-1.0,0.5
237,Oshae Brissett,26.0,PHI,6.0,23.7,8.7,0.487,0.333,0.571,9.8,0.576,0.462,8.8,4.1,1.4,2.1,15.0,16.3,0.1,-6.3,-0.1
238,Kentavious Caldwell-Pope,31.0,ORL,77.0,29.6,8.7,0.439,0.342,0.863,9.9,0.574,0.607,4.3,8.7,2.2,1.4,9.6,12.4,4.6,-1.4,0.3
239,Isaiah Collier,20.0,UTA,71.0,25.9,8.7,0.422,0.249,0.682,9.7,0.494,0.305,6.9,34.3,1.7,0.8,25.0,18.9,-0.8,-5.3,-1.6
240,Dante Exum,29.0,DAL,20.0,18.6,8.7,0.478,0.434,0.742,13.6,0.589,0.396,4.8,21.5,1.6,0.7,13.0,19.6,0.6,-2.3,0.0
241,Kyshawn George,21.0,WAS,68.0,26.5,8.7,0.372,0.322,0.753,8.8,0.503,0.648,8.2,13.3,1.8,2.5,14.2,15.9,0.1,-4.1,-0.9
242,Jaden Hardy,22.0,DAL,57.0,15.9,8.7,0.435,0.386,0.698,10.4,0.549,0.476,5.3,13.2,1.5,0.5,15.4,25.3,-0.3,-4.7,-0.6
243,Dereck Lively II,20.0,DAL,36.0,23.1,8.7,0.702,0.0,0.63,20.1,0.704,0.0,17.7,14.3,1.2,5.7,15.5,13.6,3.4,3.3,1.1
244,Tyrese Martin,25.0,BRK,60.0,21.9,8.7,0.406,0.351,0.793,10.9,0.533,0.606,9.5,14.6,1.3,0.7,13.1,18.8,0.9,-2.6,-0.2
245,Matas Buzelis,20.0,CHI,80.0,18.9,8.6,0.454,0.361,0.815,12.5,0.571,0.479,9.6,7.2,0.9,4.3,10.9,18.7,1.9,-2.5,-0.2
246,Jaime Jaquez Jr.,23.0,MIA,66.0,20.7,8.6,0.461,0.311,0.754,14.3,0.543,0.258,11.7,17.9,2.2,1.0,15.7,20.2,2.3,-0.9,0.4
247,Ja'Kobe Walter,20.0,TOR,52.0,21.2,8.6,0.405,0.349,0.795,10.8,0.523,0.473,7.8,10.2,1.9,0.9,10.4,18.2,1.2,-3.0,-0.3
248,Sam Hauser,27.0,BOS,71.0,21.7,8.5,0.451,0.416,1.0,12.8,0.632,0.842,7.9,5.8,1.3,0.8,4.6,14.3,4.4,0.8,1.1
249,Larry Nance Jr.,32.0,ATL,24.0,19.3,8.5,0.516,0.447,0.692,16.0,0.632,0.49,12.2,11.3,2.0,2.6,9.1,15.7,1.3,1.8,0.4
250,Jared Rhoden,25.0,TOR,14.0,16.2,8.4,0.483,0.308,0.88,16.4,0.602,0.448,9.9,10.5,2.1,0.8,8.4,19.7,0.6,-0.5,0.1
251,Jaylen Nowell,25.0,NOP,8.0,21.0,8.4,0.356,0.296,0.636,7.5,0.43,0.37,6.4,15.6,0.3,2.3,9.3,21.6,-0.2,-5.7,-0.2
252,Cason Wallace,21.0,OKC,68.0,27.6,8.4,0.474,0.356,0.811,12.3,0.562,0.425,6.5,11.5,3.1,1.9,10.5,12.8,5.2,1.0,1.5
253,Bruce Brown,28.0,NOP,41.0,22.5,8.3,0.421,0.333,0.815,10.9,0.504,0.262,9.6,12.8,1.8,1.0,10.4,17.2,0.7,-3.8,-0.4
254,Dalano Banton,25.0,POR,67.0,16.7,8.3,0.391,0.324,0.728,12.9,0.497,0.438,6.5,21.5,1.9,2.8,13.3,24.1,0.8,-0.8,0.3
255,Brandon Clarke,28.0,MEM,64.0,18.9,8.3,0.621,0.059,0.701,17.6,0.638,0.045,14.3,7.4,2.0,2.7,8.9,15.3,4.4,0.8,0.9
256,Keon Ellis,25.0,SAC,80.0,24.4,8.3,0.489,0.433,0.849,13.5,0.664,0.692,6.1,8.0,3.0,3.2,12.4,12.7,5.0,1.9,1.9
257,Brandon Williams,25.0,DAL,33.0,14.8,8.3,0.521,0.4,0.833,18.3,0.634,0.319,6.5,23.2,2.4,0.9,15.2,22.6,1.3,1.0,0.4
258,Mike Conley,37.0,MIN,71.0,24.7,8.2,0.4,0.41,0.9,13.3,0.573,0.662,5.7,24.5,2.2,0.7,12.9,14.4,5.2,1.2,1.4
259,Taurean Prince,30.0,MIL,80.0,27.1,8.2,0.457,0.439,0.813,9.8,0.613,0.652,7.2,9.4,1.7,0.6,13.3,12.5,3.5,-1.7,0.1
260,Jalen Smith,24.0,CHI,64.0,15.0,8.2,0.466,0.324,0.809,18.7,0.586,0.544,19.5,9.7,0.8,4.0,7.6,21.0,2.9,0.9,0.7
261,Quinten Post,24.0,GSW,42.0,16.3,8.1,0.449,0.408,0.778,14.2,0.595,0.653,11.6,12.2,1.1,2.5,10.3,19.6,1.7,0.1,0.4
262,Peyton Watson,22.0,DEN,68.0,24.4,8.1,0.477,0.353,0.693,11.4,0.564,0.318,7.7,7.0,1.4,5.0,10.3,13.9,2.5,-1.8,0.1
263,Davion Mitchell,26.0,TOR,74.0,27.4,7.9,0.468,0.398,0.69,10.2,0.573,0.443,4.5,24.2,1.7,0.8,20.0,13.6,3.0,-2.6,-0.3
264,Caleb Martin,29.0,PHI,45.0,27.1,7.9,0.424,0.359,0.622,9.6,0.513,0.339,8.2,10.7,1.9,1.8,13.9,14.4,0.6,-3.2,-0.4
265,Tyson Etienne,25.0,BRK,7.0,21.6,7.9,0.327,0.295,0.8,5.6,0.488,0.846,3.4,11.9,1.0,0.7,12.4,18.6,-0.1,-8.8,-0.3
266,Day'Ron Sharpe,23.0,BRK,50.0,18.1,7.9,0.521,0.244,0.757,19.7,0.568,0.142,20.7,16.8,2.3,4.6,15.3,19.9,2.7,0.9,0.7
267,KJ Simpson,22.0,CHO,36.0,23.4,7.8,0.346,0.254,0.82,8.3,0.437,0.432,6.9,19.8,2.0,0.7,14.8,19.1,-0.4,-5.4,-0.7
268,Terance Mann,28.0,LAC,67.0,21.1,7.7,0.496,0.368,0.691,12.0,0.584,0.395,7.8,11.7,1.6,1.0,9.6,14.7,3.0,-1.3,0.2
269,Karlo Matković,23.0,NOP,42.0,18.8,7.7,0.574,0.318,0.773,15.6,0.639,0.281,14.2,8.6,1.3,5.0,14.5,15.9,1.6,-2.0,0.0
270,AJ Johnson,20.0,WAS,29.0,22.0,7.6,0.385,0.267,0.865,7.1,0.48,0.423,4.8,17.1,0.9,0.4,13.2,17.4,-0.4,-8.1,-1.0
271,Lonzo Ball,27.0,CHI,35.0,22.2,7.6,0.366,0.344,0.815,12.2,0.524,0.802,8.0,18.9,2.8,1.9,13.9,15.9,1.2,0.2,0.4
272,Oscar Tshiebwe,25.0,UTA,14.0,18.2,7.6,0.6,0.0,0.742,21.0,0.64,0.0,25.8,5.3,2.4,0.4,10.7,15.3,1.0,-1.4,0.0
273,Garrison Mathews,28.0,ATL,47.0,17.7,7.5,0.397,0.39,0.821,11.2,0.606,0.848,5.7,9.3,1.5,1.7,9.6,15.9,1.5,-1.6,0.1
274,Matisse Thybulle,27.0,POR,15.0,20.8,7.5,0.477,0.438,0.467,17.0,0.592,0.545,9.0,12.7,5.1,2.6,12.1,14.4,0.9,5.0,0.6
275,A.J. Green,25.0,MIL,73.0,22.7,7.4,0.429,0.427,0.815,9.2,0.621,0.856,5.7,8.5,1.1,0.4,8.4,12.6,2.8,-2.2,-0.1
276,Josh Green,24.0,CHO,68.0,27.8,7.4,0.428,0.391,0.681,7.8,0.559,0.589,4.9,8.2,1.9,0.8,13.4,11.8,1.5,-4.3,-1.1
277,Richaun Holmes,31.0,WAS,31.0,17.2,7.4,0.647,0.0,0.833,19.8,0.695,0.022,17.2,12.1,0.8,3.9,11.3,14.7,2.0,1.1,0.4
278,Damion Baugh,24.0,CHO,15.0,24.7,7.3,0.323,0.214,0.867,6.3,0.399,0.431,7.2,22.2,2.0,0.5,18.5,19.3,-0.5,-7.1,-0.5
279,Alec Burks,33.0,MIA,49.0,17.6,7.3,0.424,0.425,0.776,12.8,0.608,0.764,7.9,9.1,1.6,0.8,9.0,16.5,1.8,0.3,0.5
280,Ricky Council IV,23.0,PHI,73.0,17.1,7.3,0.382,0.258,0.804,11.6,0.502,0.46,9.7,11.4,1.3,1.0,8.9,20.3,0.6,-4.3,-0.7
281,Andre Drummond,31.0,PHI,40.0,18.8,7.3,0.5,0.15,0.622,16.0,0.535,0.085,23.4,6.8,2.6,2.4,16.7,19.1,1.2,-3.2,-0.2
282,Tre Jones,25.0,SAS,46.0,19.7,7.2,0.538,0.396,0.821,16.3,0.617,0.202,6.8,28.6,1.9,1.0,11.6,14.1,2.9,1.5,0.8
283,Goga Bitadze,25.0,ORL,70.0,20.4,7.2,0.611,0.107,0.639,19.2,0.631,0.083,18.6,14.8,1.7,6.6,15.3,14.3,5.8,2.5,1.6
284,Tristan Da Silva,23.0,ORL,74.0,22.0,7.2,0.412,0.335,0.873,9.9,0.522,0.495,8.6,10.3,1.0,1.1,9.9,15.2,2.5,-2.6,-0.3
285,GG Jackson II,20.0,MEM,29.0,15.8,7.2,0.372,0.337,0.725,9.3,0.482,0.477,10.6,8.2,1.2,1.0,12.5,21.7,0.1,-5.3,-0.4
286,Vit Krejci,24.0,ATL,57.0,20.2,7.2,0.497,0.437,0.711,12.7,0.661,0.705,7.4,16.5,1.5,2.1,13.8,12.9,2.6,0.7,0.8
287,Sam Merrill,28.0,CLE,71.0,19.7,7.2,0.406,0.372,0.966,11.1,0.583,0.868,6.1,9.6,1.8,0.9,7.4,14.3,3.3,0.3,0.8
288,Daeqwon Plowden,26.0,ATL,6.0,12.0,7.2,0.64,0.529,1.0,16.1,0.831,0.68,8.4,4.1,0.0,0.0,13.4,17.0,0.2,-0.1,0.0
289,Nae'Qwan Tomlin,24.0,CLE,5.0,12.6,7.2,0.406,0.2,0.727,14.4,0.489,0.313,18.1,4.4,0.0,1.4,5.1,26.1,0.1,-5.5,-0.1
290,Josh Okogie,26.0,PHO,40.0,15.6,7.1,0.443,0.348,0.741,16.3,0.567,0.434,9.9,7.9,3.8,2.8,11.1,19.5,1.3,1.5,0.6
291,Jalen Hood-Schifino,21.0,PHI,15.0,21.0,7.1,0.378,0.304,0.857,7.9,0.494,0.469,4.9,16.7,0.8,2.2,14.4,17.3,-0.1,-6.9,-0.4
292,Jamison Battle,23.0,TOR,59.0,17.7,7.1,0.429,0.405,0.889,10.7,0.59,0.746,8.1,7.1,0.8,0.9,7.1,15.3,1.7,-2.3,-0.1
293,Alex Caruso,30.0,OKC,54.0,19.3,7.1,0.446,0.353,0.824,15.9,0.568,0.541,8.2,16.6,4.0,2.9,9.9,15.2,3.9,4.0,1.6
294,Jamal Shead,22.0,TOR,75.0,19.6,7.1,0.405,0.323,0.768,9.9,0.499,0.442,4.2,29.8,1.9,0.7,18.0,18.6,0.8,-4.1,-0.8
295,Jeff Dowtin Jr.,27.0,PHI,41.0,15.1,7.0,0.487,0.4,0.733,16.1,0.57,0.304,5.5,19.6,1.9,1.9,5.7,18.6,1.3,0.2,0.3
296,Marcus Garrett,26.0,CHO,4.0,19.8,7.0,0.407,0.375,0.75,8.7,0.487,0.296,4.0,25.1,1.9,2.5,17.3,18.7,0.0,-7.6,-0.1
297,Isaiah Jackson,23.0,IND,5.0,16.8,7.0,0.609,0.0,0.5,18.2,0.6,0.0,18.6,8.1,1.7,8.6,14.6,17.6,0.3,0.8,0.1
298,Jaylen Sims,26.0,CHO,6.0,18.7,7.0,0.429,0.4,0.8,9.8,0.607,0.536,2.9,15.6,1.3,0.9,18.8,16.2,0.1,-4.1,-0.1
299,Orlando Robinson,24.0,TOR,44.0,17.5,6.9,0.444,0.327,0.771,12.9,0.519,0.199,15.4,14.0,1.1,2.0,14.4,18.5,1.2,-3.4,-0.3
300,Jake LaRavia,23.0,MEM,66.0,20.4,6.9,0.475,0.423,0.678,12.6,0.591,0.421,10.3,14.6,2.2,1.6,18.2,14.4,2.9,0.2,0.8
301,Ryan Dunn,22.0,PHO,74.0,19.1,6.9,0.43,0.311,0.487,10.7,0.517,0.553,10.6,5.7,1.5,2.7,7.5,16.7,1.0,-4.1,-0.7
302,Jay Huff,26.0,MEM,64.0,11.7,6.9,0.515,0.405,0.786,18.2,0.666,0.656,9.1,7.0,1.0,6.9,9.3,19.6,2.5,3.5,1.1
303,Cameron Payne,30.0,NYK,72.0,15.1,6.9,0.401,0.363,0.907,13.8,0.532,0.574,5.5,25.5,1.8,1.4,10.0,20.8,2.3,-0.2,0.5
304,Antonio Reeves,24.0,NOP,44.0,15.0,6.9,0.456,0.395,0.8,11.7,0.579,0.52,5.1,8.8,1.5,0.6,10.2,18.8,0.4,-3.2,-0.2
305,Cody Martin,29.0,CHO,53.0,22.1,6.8,0.418,0.285,0.705,11.3,0.509,0.465,10.3,13.0,2.4,2.7,12.7,14.7,1.3,-1.7,0.1
306,Bol Bol,25.0,PHO,36.0,12.4,6.8,0.525,0.344,0.769,18.4,0.627,0.508,13.0,7.7,1.0,5.2,9.3,21.1,0.9,0.8,0.3
307,Eric Gordon,36.0,PHI,39.0,19.7,6.8,0.426,0.409,0.75,10.8,0.591,0.672,3.4,12.0,1.7,1.5,11.1,14.4,0.9,-1.6,0.1
308,Jaxson Hayes,24.0,LAL,56.0,19.5,6.8,0.722,0.0,0.622,15.8,0.72,0.013,13.9,7.5,1.4,4.4,13.9,12.4,3.7,-0.3,0.5
309,Marcus Bagley,23.0,PHI,10.0,25.3,6.7,0.391,0.156,0.8,11.8,0.456,0.464,15.7,5.5,1.8,4.7,8.7,13.8,0.2,-4.3,-0.1
310,DaQuan Jeffries,27.0,CHO,47.0,22.8,6.7,0.405,0.335,0.8,7.9,0.518,0.564,6.7,7.2,1.2,2.3,10.3,13.5,0.6,-4.7,-0.7
311,Lester Quiñones,24.0,NOP,13.0,14.1,6.6,0.397,0.295,0.846,9.5,0.514,0.564,5.7,19.4,0.8,1.0,14.3,22.6,-0.1,-6.1,-0.2
312,Vasilije Micić,31.0,CHO,41.0,19.1,6.6,0.348,0.36,0.829,6.5,0.462,0.458,6.0,24.3,0.9,0.0,20.9,19.9,-1.0,-7.0,-1.0
313,Precious Achiuwa,25.0,NYK,57.0,20.5,6.6,0.502,0.278,0.594,13.6,0.53,0.11,15.5,6.2,2.0,3.3,11.2,14.9,2.3,-1.9,0.0
314,Trayce Jackson-Davis,24.0,GSW,62.0,15.6,6.6,0.576,0.0,0.578,18.5,0.587,0.01,17.3,16.1,1.2,3.7,11.5,17.1,3.4,1.2,0.8
315,Marcus Sasser,24.0,DET,57.0,14.2,6.6,0.463,0.382,0.843,14.0,0.589,0.514,4.7,22.9,2.2,0.5,14.5,19.4,1.8,-0.6,0.3
316,Vince Williams Jr.,24.0,MEM,27.0,18.5,6.6,0.401,0.274,0.792,9.2,0.504,0.569,10.4,13.8,1.1,1.3,15.7,17.0,0.4,-2.8,-0.1
317,Thomas Bryant,27.0,IND,66.0,14.6,6.5,0.508,0.324,0.859,17.2,0.614,0.461,14.5,7.6,1.4,3.9,7.9,17.1,3.1,0.6,0.6
318,Donovan Clingan,20.0,POR,67.0,19.8,6.5,0.539,0.286,0.596,17.4,0.574,0.147,21.6,8.3,1.2,7.5,15.9,14.2,4.0,-0.3,0.6
319,Seth Curry,34.0,CHO,68.0,15.6,6.5,0.478,0.456,0.846,12.2,0.616,0.531,5.7,8.8,1.3,0.6,8.2,15.7,1.8,-1.7,0.1
320,Haywood Highsmith,28.0,MIA,74.0,24.6,6.5,0.458,0.382,0.721,9.9,0.583,0.596,7.7,8.4,1.9,2.0,11.6,11.3,3.3,-1.9,0.1
321,Talen Horton-Tucker,24.0,CHI,58.0,12.5,6.5,0.457,0.336,0.735,13.8,0.567,0.419,7.2,16.1,1.4,1.3,10.7,21.6,1.1,-2.4,-0.1
322,Trey Lyles,29.0,SAC,69.0,19.6,6.5,0.42,0.34,0.7,12.3,0.551,0.636,13.1,7.9,1.5,1.7,8.7,14.3,2.6,-0.7,0.4
323,Ajay Mitchell,22.0,OKC,36.0,16.6,6.5,0.495,0.383,0.829,12.0,0.587,0.326,6.1,13.8,2.0,0.7,12.7,16.2,1.5,-1.6,0.1
324,Gary Payton II,32.0,GSW,62.0,15.0,6.5,0.574,0.326,0.711,16.2,0.635,0.319,10.7,13.5,2.7,1.7,11.0,16.1,3.0,1.4,0.8
325,Zach Collins,27.0,SAS,64.0,15.3,6.4,0.507,0.302,0.885,16.0,0.605,0.351,15.6,15.6,1.4,2.6,15.1,17.1,2.7,0.0,0.5
326,Kris Dunn,30.0,LAC,74.0,24.1,6.4,0.439,0.335,0.682,11.3,0.531,0.513,8.0,15.6,3.5,1.5,14.2,12.7,4.0,0.6,1.2
327,Ron Holland,19.0,DET,81.0,15.6,6.4,0.474,0.238,0.754,11.1,0.556,0.363,9.5,8.9,1.9,1.3,13.3,18.1,1.8,-3.0,-0.3
328,KJ Martin,24.0,PHI,43.0,21.2,6.4,0.552,0.259,0.787,10.2,0.618,0.289,7.6,7.4,0.9,2.3,9.8,11.5,1.3,-3.6,-0.4
329,Gabe Vincent,28.0,LAL,72.0,21.2,6.4,0.4,0.353,0.714,7.4,0.536,0.736,3.4,8.7,1.6,0.8,8.7,13.5,1.3,-4.0,-0.8
330,Sandro Mamukelashvili,25.0,SAS,61.0,11.2,6.3,0.502,0.373,0.741,19.7,0.628,0.573,14.7,10.7,1.6,2.3,7.8,20.8,2.2,2.3,0.7
331,Jeremiah Robinson-Earl,24.0,NOP,66.0,18.8,6.3,0.455,0.341,0.836,12.9,0.563,0.473,13.7,9.9,1.5,0.5,12.1,14.4,1.7,-2.5,-0.2
332,Kenrich Williams,30.0,OKC,69.0,16.4,6.3,0.483,0.386,0.718,13.7,0.587,0.483,11.4,11.0,1.8,0.9,9.5,15.4,3.6,0.6,0.7
333,Bones Hyland,24.0,LAC,24.0,10.0,6.2,0.398,0.39,0.885,16.0,0.576,0.695,5.9,20.1,3.7,1.7,16.2,28.2,0.5,2.7,0.3
334,Jonathan Mogbo,23.0,TOR,63.0,20.4,6.2,0.438,0.243,0.732,11.9,0.496,0.197,13.0,15.3,2.1,2.5,15.1,15.0,1.9,-1.9,0.0
335,Ryan Rollins,22.0,MIL,56.0,14.6,6.2,0.487,0.408,0.8,14.0,0.6,0.443,7.2,17.8,2.5,1.9,15.4,18.4,1.7,-0.5,0.3
336,Dru Smith,27.0,MIA,14.0,19.1,6.2,0.508,0.533,0.75,13.3,0.656,0.492,7.4,12.0,3.9,2.1,20.4,13.8,0.7,2.1,0.3
337,Isaac Okoro,24.0,CLE,55.0,19.1,6.1,0.464,0.371,0.717,10.7,0.587,0.566,6.7,8.0,1.5,1.4,7.4,12.5,2.5,-0.5,0.4
338,Jarace Walker,21.0,IND,75.0,15.8,6.1,0.472,0.405,0.667,11.9,0.59,0.514,10.8,12.2,2.2,1.9,16.7,17.1,1.6,-0.9,0.3
339,N'Faly Dante,23.0,HOU,4.0,12.8,6.0,0.769,0.0,0.8,24.0,0.789,0.0,21.9,5.7,1.0,8.8,11.6,13.9,0.3,2.4,0.1
340,Mouhamed Gueye,22.0,ATL,33.0,16.2,6.0,0.421,0.259,0.762,14.4,0.52,0.474,14.3,6.6,2.5,5.7,7.3,15.7,1.2,-0.6,0.2
341,Luke Kornet,29.0,BOS,73.0,18.6,6.0,0.668,0.0,0.691,19.6,0.683,0.011,15.5,11.9,1.3,4.8,8.8,11.4,7.0,3.3,1.8
342,Isaiah Mobley,25.0,PHI,1.0,17.0,6.0,0.286,0.333,0.5,17.2,0.381,0.429,13.3,41.8,2.9,5.8,0.0,20.2,0.0,4.7,0.0
343,Isaiah Stewart,23.0,DET,72.0,19.9,6.0,0.559,0.321,0.759,14.6,0.616,0.168,15.4,11.3,0.9,6.7,16.1,12.4,4.3,0.6,0.9
344,James Wiseman,23.0,IND,1.0,5.0,6.0,0.5,0.0,1.0,31.2,0.615,0.25,11.1,0.0,0.0,0.0,0.0,42.2,0.0,1.6,0.0
345,Isaiah Wong,24.0,CHO,20.0,13.3,6.0,0.39,0.394,0.735,10.9,0.5,0.314,6.4,16.5,2.0,0.0,13.0,22.1,0.1,-4.0,-0.1
346,Cole Swider,25.0,TOR,10.0,16.9,5.9,0.349,0.319,0.0,6.5,0.465,0.746,8.6,2.3,1.1,1.1,5.9,16.7,0.0,-7.3,-0.2
347,Chuma Okeke,26.0,PHI,9.0,21.8,5.9,0.5,0.393,0.667,15.3,0.641,0.7,13.5,10.5,1.3,2.0,6.8,9.8,0.6,-0.2,0.1
348,Kyle Anderson,31.0,GSW,61.0,16.4,5.9,0.469,0.357,0.738,15.1,0.538,0.231,11.2,20.7,2.0,3.1,10.0,15.9,2.8,1.5,0.9
349,Simone Fontecchio,29.0,DET,75.0,16.5,5.9,0.402,0.335,0.833,9.7,0.544,0.609,9.6,6.9,1.2,0.9,11.6,15.8,1.6,-2.9,-0.3
350,Collin Gillespie,25.0,PHO,33.0,14.0,5.9,0.43,0.433,0.864,16.8,0.578,0.57,9.4,24.0,2.3,1.0,9.2,17.7,1.3,2.5,0.5
351,Tidjane Salaün,19.0,CHO,60.0,20.7,5.9,0.33,0.283,0.713,7.7,0.457,0.594,12.0,8.5,1.1,1.1,13.1,15.2,0.0,-5.2,-1.0
352,Jaylin Williams,22.0,OKC,47.0,16.7,5.9,0.439,0.399,0.767,16.4,0.594,0.692,17.9,19.0,1.3,3.7,13.0,14.6,3.3,4.3,1.2
353,Moses Brown,25.0,IND,13.0,9.2,5.8,0.694,0.0,0.727,22.4,0.706,0.0,20.3,2.9,2.4,2.9,17.0,23.5,0.4,0.1,0.1
354,Adem Bona,21.0,PHI,58.0,15.6,5.8,0.703,0.0,0.67,16.5,0.714,0.005,15.3,4.4,1.4,7.5,20.5,14.3,2.3,-2.7,-0.2
355,Quenton Jackson,26.0,IND,28.0,13.6,5.8,0.475,0.375,0.775,14.7,0.58,0.328,6.4,18.6,2.6,1.2,10.3,17.7,1.0,-0.3,0.2
356,Robert Williams,27.0,POR,20.0,17.6,5.8,0.641,0.333,0.882,18.9,0.679,0.038,18.2,8.6,1.8,8.5,16.6,12.2,1.3,3.0,0.4
357,Moussa Diabaté,23.0,CHO,71.0,17.5,5.7,0.596,0.0,0.595,16.5,0.609,0.021,18.8,6.8,1.8,3.2,15.6,13.4,3.2,-1.9,0.0
358,Dariq Whitehead,20.0,BRK,20.0,12.3,5.7,0.406,0.446,0.6,9.4,0.58,0.771,6.7,7.8,1.2,0.4,13.3,20.1,0.1,-3.7,-0.1
359,Landry Shamet,27.0,NYK,50.0,15.2,5.7,0.461,0.397,0.667,9.7,0.601,0.678,4.6,4.7,1.5,0.2,8.5,14.8,1.0,-2.4,-0.1
360,Jordan Goodwin,26.0,LAL,29.0,18.7,5.6,0.438,0.382,0.818,12.1,0.541,0.472,11.6,10.5,2.7,1.9,14.9,14.1,1.0,-0.8,0.2
361,Shake Milton,28.0,LAL,57.0,14.7,5.5,0.453,0.358,0.797,11.9,0.563,0.417,7.0,18.3,1.5,0.5,12.5,16.7,1.3,-2.2,0.0
362,Aaron Holiday,28.0,HOU,62.0,12.8,5.5,0.437,0.398,0.829,12.2,0.594,0.675,5.2,14.3,1.2,1.2,11.5,16.8,2.0,-0.2,0.3
363,Jeff Green,38.0,HOU,32.0,12.4,5.4,0.504,0.367,0.808,13.6,0.649,0.653,7.8,7.0,0.7,0.9,6.4,14.7,1.3,0.4,0.2
364,Jonathan Isaac,27.0,ORL,71.0,15.4,5.4,0.414,0.258,0.682,16.6,0.512,0.466,16.5,5.5,2.8,7.0,8.2,16.2,3.4,0.7,0.7
365,Dean Wade,28.0,CLE,59.0,21.2,5.4,0.413,0.36,0.533,10.1,0.563,0.819,10.8,7.3,1.6,1.4,7.2,10.4,3.0,0.3,0.7
366,Keaton Wallace,25.0,ATL,31.0,16.2,5.4,0.401,0.329,1.0,10.1,0.503,0.506,5.5,21.0,2.6,1.7,16.5,16.4,0.4,-2.3,0.0
367,Kobe Bufkin,21.0,ATL,10.0,12.4,5.3,0.383,0.211,0.722,10.5,0.483,0.404,9.3,18.2,1.1,1.5,12.7,20.8,0.0,-4.0,-0.1
368,Jamal Cain,25.0,NOP,37.0,13.6,5.3,0.43,0.325,0.68,11.4,0.544,0.506,9.1,6.2,2.2,1.7,10.9,17.0,0.4,-3.4,-0.2
369,Pat Connaughton,32.0,MIL,41.0,14.7,5.3,0.469,0.321,0.774,12.1,0.567,0.458,9.8,15.8,0.7,1.7,11.2,15.6,1.2,-2.3,0.0
370,Kevin Love,36.0,MIA,23.0,10.9,5.3,0.357,0.358,0.696,16.2,0.488,0.583,20.7,13.1,3.0,1.5,10.1,24.6,0.4,0.4,0.2
371,Ben Sheppard,23.0,IND,63.0,19.5,5.3,0.418,0.342,0.889,9.2,0.555,0.693,8.0,8.6,1.5,1.0,6.9,11.3,2.1,-2.0,0.0
372,Monte Morris,29.0,PHO,45.0,12.7,5.2,0.426,0.36,0.857,13.1,0.546,0.441,6.5,18.1,1.7,0.5,9.0,18.1,0.8,-1.8,0.0
373,Jabari Walker,22.0,POR,60.0,12.5,5.2,0.515,0.389,0.69,15.0,0.601,0.314,15.3,7.2,2.1,0.7,11.6,16.3,2.0,-0.8,0.2
374,Javonte Green,31.0,NOP,68.0,18.5,5.1,0.429,0.326,0.724,10.7,0.541,0.491,9.4,5.9,2.5,2.4,9.1,11.8,1.6,-2.3,-0.1
375,Alex Reese,25.0,PHI,15.0,14.4,5.1,0.481,0.366,0.75,14.0,0.641,0.759,12.3,2.6,2.3,4.5,9.2,13.2,0.5,-1.2,0.0
376,Bismack Biyombo,32.0,SAS,28.0,18.9,5.1,0.588,0.0,0.4,12.2,0.576,0.0,16.0,7.9,1.5,3.9,17.8,12.3,0.8,-3.6,-0.2
377,Mitchell Robinson,26.0,NYK,17.0,17.1,5.1,0.661,0.0,0.684,20.4,0.676,0.0,20.0,5.9,2.7,5.8,13.4,11.1,1.3,3.3,0.4
378,Kai Jones,24.0,LAC,40.0,11.7,5.0,0.798,0.2,0.719,20.2,0.804,0.046,14.8,7.9,1.6,4.6,12.8,13.0,2.1,2.9,0.6
379,Ben Simmons,28.0,BRK,51.0,22.0,5.0,0.52,0.0,0.727,12.4,0.539,0.0,12.2,37.0,1.7,2.0,30.0,13.2,1.8,-0.5,0.4
380,Malaki Branham,21.0,SAS,47.0,9.1,5.0,0.458,0.405,0.818,12.0,0.575,0.442,6.4,13.4,1.2,0.4,14.3,23.8,0.1,-3.2,-0.1
381,Neemias Queta,25.0,BOS,62.0,13.9,5.0,0.65,0.0,0.754,16.3,0.674,0.015,14.9,7.4,1.0,4.5,14.8,13.7,3.2,-0.7,0.3
382,Alondes Williams,25.0,DET,1.0,4.0,5.0,1.0,1.0,0.0,53.4,1.25,0.5,0.0,65.0,0.0,0.0,0.0,21.1,0.0,44.1,0.0
383,Jaylen Martin,21.0,WAS,16.0,14.9,4.9,0.419,0.304,0.9,9.1,0.497,0.311,9.6,10.3,1.8,0.0,13.3,15.9,0.0,-6.3,-0.3
384,Lindy Waters III,27.0,GSW,52.0,15.0,4.9,0.369,0.344,0.727,8.8,0.504,0.747,7.6,9.1,1.7,1.3,7.3,14.8,1.0,-2.8,-0.2
385,Trevelin Queen,27.0,ORL,31.0,13.9,4.9,0.381,0.286,0.857,11.9,0.486,0.524,7.2,13.3,3.6,2.2,12.3,18.1,0.7,-0.3,0.2
386,Jock Landale,29.0,HOU,42.0,11.9,4.8,0.533,0.423,0.675,16.0,0.59,0.171,14.6,10.3,1.3,1.8,11.0,15.7,1.7,0.4,0.3
387,Colin Castleton,24.0,TOR,26.0,16.6,4.7,0.469,0.125,0.763,11.3,0.536,0.163,15.4,8.9,0.9,2.2,16.7,13.4,0.7,-5.0,-0.3
388,Taylor Hendricks,21.0,UTA,3.0,25.0,4.7,0.222,0.25,0.75,7.1,0.354,0.667,10.8,3.4,3.2,5.0,9.2,12.1,0.0,-3.5,0.0
389,David Roddy,23.0,ATL,33.0,12.4,4.6,0.456,0.311,0.769,11.9,0.561,0.488,11.2,11.5,1.6,2.0,13.9,16.0,0.5,-1.5,0.1
390,Drew Eubanks,27.0,UTA,61.0,12.2,4.6,0.593,0.5,0.662,15.6,0.622,0.031,16.5,10.6,0.8,5.0,15.4,15.1,1.7,-0.7,0.3
391,Pelle Larsson,23.0,MIA,55.0,14.2,4.6,0.438,0.337,0.672,10.2,0.546,0.468,6.5,11.6,2.0,0.9,9.5,14.4,1.4,-3.1,-0.2
392,Julian Phillips,21.0,CHI,79.0,14.2,4.6,0.446,0.327,0.789,10.2,0.571,0.533,7.9,4.4,1.6,1.5,7.8,12.9,1.9,-3.0,-0.3
393,Cody Williams,20.0,UTA,50.0,21.2,4.6,0.323,0.259,0.725,3.7,0.419,0.525,5.7,7.4,1.0,1.4,13.8,12.5,-1.2,-7.3,-1.4
394,Rob Dillingham,20.0,MIN,49.0,10.5,4.5,0.441,0.338,0.533,10.2,0.503,0.351,5.4,28.4,1.9,0.2,19.6,22.7,0.1,-4.2,-0.3
395,Jett Howard,21.0,ORL,60.0,11.7,4.5,0.374,0.296,0.696,7.1,0.491,0.71,5.7,9.6,0.9,1.5,11.7,19.2,0.1,-5.3,-0.6
396,Kevon Looney,28.0,GSW,76.0,15.0,4.5,0.514,0.4,0.566,17.0,0.535,0.018,21.8,14.3,2.0,3.1,10.8,13.3,4.3,0.3,0.7
397,Mason Plumlee,34.0,PHO,74.0,17.6,4.5,0.619,0.0,0.648,14.8,0.645,0.02,19.5,13.6,1.3,3.4,18.6,10.8,3.7,-0.6,0.5
398,Dalen Terry,22.0,CHI,73.0,13.5,4.5,0.448,0.356,0.71,9.6,0.546,0.388,6.6,12.7,2.1,1.3,15.1,14.9,1.1,-3.8,-0.5
399,Marvin Bagley III,25.0,WAS,31.0,8.5,4.4,0.519,0.158,0.657,18.4,0.56,0.179,16.6,6.5,1.6,2.7,9.0,20.9,0.6,-1.2,0.1
400,Charles Bassey,24.0,SAS,36.0,10.4,4.4,0.581,0.0,0.636,19.0,0.597,0.0,21.7,6.6,1.8,7.2,14.9,17.5,1.1,-1.1,0.1
401,Tony Bradley,27.0,IND,14.0,8.1,4.4,0.644,0.333,0.333,23.2,0.64,0.067,20.7,8.3,0.9,7.2,9.5,20.1,0.4,1.2,0.1
402,Reggie Jackson,34.0,PHI,31.0,12.4,4.4,0.391,0.338,0.778,9.8,0.496,0.556,6.2,17.1,2.1,0.8,11.0,17.5,0.1,-4.0,-0.2
403,Reed Sheppard,20.0,HOU,52.0,12.6,4.4,0.351,0.338,0.813,9.7,0.465,0.594,6.4,15.2,2.6,2.3,13.1,17.8,0.8,-1.7,0.1
404,Lamar Stevens,27.0,MEM,17.0,9.1,4.4,0.46,0.296,0.727,11.5,0.545,0.429,13.0,6.9,1.5,1.8,12.8,20.2,0.2,-4.2,-0.1
405,Mo Bamba,26.0,LAC,32.0,12.9,4.3,0.464,0.278,0.704,13.9,0.557,0.482,19.7,6.0,1.1,7.4,13.9,15.2,1.0,-0.9,0.1
406,Jevon Carter,29.0,CHI,36.0,8.9,4.3,0.377,0.333,0.8,12.2,0.509,0.719,6.4,17.2,1.9,0.8,6.8,21.0,0.3,-2.1,0.0
407,Micah Potter,26.0,UTA,38.0,18.6,4.3,0.422,0.316,0.85,8.5,0.563,0.726,12.5,5.8,1.0,1.9,17.7,10.3,0.4,-3.5,-0.3
408,Terrence Shannon Jr.,24.0,MIN,32.0,10.6,4.3,0.482,0.355,0.81,11.9,0.56,0.272,7.7,13.8,1.0,1.4,10.9,17.7,0.6,-2.1,0.0
409,Daniel Theis,32.0,NOP,38.0,16.3,4.3,0.473,0.243,0.838,12.1,0.558,0.287,14.2,13.0,1.4,3.1,14.7,11.6,1.0,-3.3,-0.2
410,Torrey Craig,34.0,BOS,26.0,12.1,4.2,0.422,0.364,0.667,12.9,0.567,0.733,12.5,7.2,1.3,3.5,7.7,14.1,0.8,-0.9,0.1
411,Wendell Moore Jr.,23.0,DET,36.0,13.9,4.2,0.468,0.341,0.818,11.0,0.553,0.325,10.3,11.6,1.9,1.0,16.6,13.8,0.7,-2.7,-0.1
412,Dominick Barlow,21.0,ATL,35.0,10.7,4.2,0.531,0.259,0.636,14.6,0.58,0.239,12.4,6.9,1.1,3.9,3.8,14.5,1.0,-2.2,0.0
413,Kessler Edwards,24.0,DAL,40.0,15.2,4.2,0.496,0.407,0.923,11.3,0.597,0.4,10.3,9.1,1.5,2.8,10.2,11.1,1.2,-1.4,0.1
414,Oso Ighodaro,22.0,PHO,61.0,17.1,4.2,0.604,0.0,0.58,11.1,0.61,0.011,11.9,9.1,1.3,2.6,15.7,10.5,1.6,-2.6,-0.2
415,Kris Murray,24.0,POR,69.0,15.1,4.2,0.419,0.225,0.456,9.1,0.472,0.43,9.5,9.0,1.6,1.5,12.4,13.9,0.7,-3.0,-0.3
416,Duop Reath,28.0,POR,46.0,10.2,4.2,0.422,0.321,0.909,13.7,0.552,0.639,10.6,8.0,1.2,2.7,8.3,17.0,1.0,-0.3,0.2
417,Cam Spencer,24.0,MEM,25.0,10.1,4.2,0.415,0.365,1.0,14.2,0.587,0.634,6.3,16.9,1.7,0.4,6.2,15.4,0.8,0.5,0.2
418,Maxwell Lewis,22.0,BRK,28.0,11.7,4.1,0.417,0.38,0.7,9.9,0.516,0.463,9.5,9.0,1.4,2.1,11.1,16.9,0.2,-4.4,-0.2
419,Jaylen Clark,23.0,MIN,40.0,13.1,4.1,0.467,0.431,0.784,12.0,0.598,0.425,5.6,6.7,3.4,0.4,5.5,12.0,1.6,-0.2,0.2
420,Caleb Houstan,22.0,ORL,58.0,13.6,4.1,0.421,0.4,0.882,9.4,0.605,0.842,5.5,6.4,1.4,0.7,6.2,11.7,1.8,-2.2,0.0
421,Jordan Miller,25.0,LAC,37.0,11.4,4.1,0.433,0.211,0.8,10.5,0.509,0.284,7.8,11.2,2.0,1.2,14.8,18.2,0.4,-2.8,-0.1
422,Jalen Pickett,25.0,DEN,49.0,13.6,4.1,0.428,0.396,0.75,10.9,0.545,0.561,5.9,19.5,1.4,0.7,11.6,13.2,1.1,-1.5,0.1
423,Paul Reed,25.0,DET,45.0,9.7,4.1,0.507,0.286,0.762,18.6,0.573,0.197,15.6,14.0,4.3,5.4,13.9,18.0,1.6,2.9,0.5
424,Gui Santos,22.0,GSW,56.0,13.6,4.1,0.458,0.33,0.69,11.7,0.575,0.575,12.1,14.2,1.6,1.2,17.5,13.2,1.7,-1.7,0.1
425,Jarred Vanderbilt,25.0,LAL,36.0,16.1,4.1,0.488,0.281,0.556,13.2,0.537,0.264,17.6,9.4,3.0,1.6,17.5,12.5,1.4,-1.0,0.2
426,Colby Jones,22.0,SAC,39.0,13.2,4.0,0.457,0.327,0.657,11.4,0.544,0.38,9.0,12.0,2.4,2.4,13.7,13.7,0.6,-2.8,-0.1
427,Nicolas Batum,36.0,LAC,78.0,17.5,4.0,0.437,0.433,0.81,10.3,0.633,0.853,9.0,7.8,1.9,2.6,12.1,9.0,3.5,0.8,1.0
428,Malachi Flynn,26.0,CHO,4.0,11.0,4.0,0.385,0.25,0.833,12.4,0.512,0.308,8.5,23.3,3.4,0.0,20.4,19.0,0.0,-2.8,0.0
429,Ron Harper Jr.,24.0,DET,1.0,17.0,4.0,0.125,0.0,1.0,7.9,0.225,0.75,22.8,14.3,0.0,0.0,0.0,22.0,0.0,-14.7,0.0
430,Josh Richardson,31.0,MIA,8.0,18.8,4.0,0.289,0.273,1.0,4.4,0.402,0.579,4.4,10.5,2.7,0.6,16.8,14.1,-0.1,-6.7,-0.2
431,Steven Adams,31.0,HOU,58.0,13.7,3.9,0.545,0.0,0.462,16.6,0.541,0.012,21.9,10.9,1.3,3.2,20.6,13.6,2.3,0.3,0.5
432,Kyle Lowry,38.0,PHI,35.0,18.8,3.9,0.35,0.33,0.818,9.8,0.525,0.752,5.8,19.2,2.5,1.6,13.8,10.1,1.0,-1.3,0.1
433,Olivier-Maxence Prosper,22.0,DAL,52.0,11.2,3.9,0.402,0.235,0.645,12.6,0.484,0.293,11.8,9.1,2.2,0.9,6.3,16.3,0.9,-2.1,0.0
434,Patty Mills,36.0,UTA,29.0,11.1,3.8,0.375,0.347,0.929,8.4,0.543,0.781,3.7,11.1,1.9,0.9,14.3,15.6,0.1,-3.2,-0.1
435,Branden Carlson,25.0,OKC,32.0,7.7,3.8,0.443,0.333,0.778,17.6,0.581,0.68,11.8,7.5,1.0,8.6,6.3,19.3,0.9,1.3,0.2
436,Devin Carter,22.0,SAC,36.0,11.0,3.8,0.37,0.295,0.591,10.8,0.471,0.48,10.8,13.5,2.6,1.0,11.0,17.9,0.4,-3.2,-0.1
437,Ousmane Dieng,21.0,OKC,37.0,10.9,3.8,0.432,0.324,0.688,11.5,0.538,0.568,10.7,9.6,2.0,1.7,12.0,15.7,0.9,-0.9,0.1
438,Markieff Morris,35.0,LAL,15.0,11.0,3.7,0.3,0.25,0.833,6.0,0.385,0.514,7.8,17.5,0.6,1.7,6.4,20.5,-0.2,-7.6,-0.2
439,Emoni Bates,21.0,CLE,10.0,7.5,3.7,0.342,0.367,0.0,9.8,0.487,0.789,5.1,14.2,0.6,1.2,5.0,22.6,0.1,-1.5,0.0
440,DeAndre Jordan,36.0,DEN,56.0,12.3,3.7,0.65,0.0,0.422,15.4,0.621,0.0,22.6,9.5,1.1,3.5,19.2,12.8,1.8,-1.2,0.2
441,Craig Porter Jr.,24.0,CLE,51.0,10.1,3.7,0.514,0.438,0.719,13.1,0.61,0.343,7.1,17.7,1.6,2.6,19.8,15.9,1.1,1.1,0.4
442,Jackson Rowe,28.0,GSW,6.0,8.7,3.7,0.471,0.3,0.5,15.9,0.56,0.588,11.4,11.1,3.7,0.0,4.8,16.7,0.2,1.0,0.0
443,Blake Wesley,21.0,SAS,58.0,11.8,3.7,0.435,0.293,0.623,9.9,0.51,0.312,4.8,22.3,2.6,0.8,20.2,16.7,0.2,-4.2,-0.4
444,JT Thor,22.0,WAS,20.0,12.5,3.6,0.424,0.286,0.682,10.0,0.517,0.356,10.1,3.3,1.5,3.2,11.6,13.1,0.2,-5.4,-0.2
445,Baylor Scheierman,24.0,BOS,31.0,12.4,3.6,0.355,0.317,0.75,10.3,0.49,0.745,9.2,11.3,2.2,0.5,9.4,14.5,0.7,-1.7,0.0
446,Jae'Sean Tate,29.0,HOU,52.0,11.3,3.6,0.473,0.348,0.681,12.3,0.557,0.311,10.6,10.5,2.2,1.1,11.5,13.3,1.6,-0.7,0.2
447,Jaylon Tyson,22.0,CLE,47.0,9.6,3.6,0.43,0.345,0.792,11.1,0.523,0.389,11.5,12.4,1.4,0.6,14.0,17.4,0.8,-2.7,-0.1
448,Elfrid Payton,30.0,NOP,24.0,21.3,3.5,0.328,0.167,0.571,8.5,0.34,0.049,8.3,43.3,2.3,2.1,32.1,15.2,-0.6,-6.4,-0.6
449,Luka Garza,26.0,MIN,39.0,5.6,3.5,0.495,0.278,0.686,18.8,0.573,0.343,13.7,8.2,1.4,1.3,9.1,26.2,0.7,-2.3,0.0
450,Cory Joseph,33.0,ORL,50.0,12.2,3.5,0.403,0.364,0.778,10.9,0.547,0.695,6.9,17.0,2.1,0.6,10.0,12.8,1.5,-0.8,0.2
451,Doug McDermott,33.0,SAC,42.0,8.1,3.5,0.427,0.436,0.6,9.5,0.617,0.863,3.6,2.8,0.6,0.6,4.8,15.7,0.4,-3.2,-0.1
452,Dario Šarić,30.0,DEN,16.0,13.1,3.5,0.362,0.269,0.7,7.7,0.449,0.448,13.1,13.1,1.6,0.4,19.4,15.6,0.0,-4.8,-0.1
453,Jamaree Bouyea,25.0,MIL,5.0,12.4,3.4,0.5,0.2,0.667,9.7,0.581,0.417,4.4,20.8,3.1,3.0,35.3,16.0,0.0,-5.4,0.0
454,Bruno Fernando,26.0,TOR,17.0,8.6,3.4,0.531,0.0,0.75,15.3,0.552,0.0,18.6,17.9,1.3,5.8,21.0,18.9,0.3,-0.7,0.1
455,Andre Jackson Jr.,23.0,MIL,67.0,14.6,3.4,0.477,0.395,0.5,8.6,0.554,0.386,10.1,10.9,1.7,1.3,21.8,11.9,1.2,-3.4,-0.3
456,Isaac Jones,24.0,SAC,40.0,7.6,3.4,0.651,0.375,0.639,15.2,0.678,0.096,10.5,5.6,0.8,3.2,13.9,16.3,0.7,-1.7,0.0
457,Kevin Knox,25.0,GSW,14.0,6.0,3.3,0.5,0.267,0.75,17.1,0.582,0.417,10.9,9.4,1.2,4.5,9.2,21.8,0.2,-1.3,0.0
458,Damion Lee,32.0,PHO,25.0,5.8,3.3,0.365,0.243,0.952,11.9,0.499,0.5,7.8,11.5,2.1,0.0,10.7,28.6,-0.1,-5.1,-0.1
459,Jeenathan Williams,25.0,HOU,20.0,7.4,3.3,0.435,0.231,0.625,8.6,0.496,0.419,4.7,8.8,2.6,2.4,17.6,22.3,0.0,-5.7,-0.1
460,Elijah Harkless,24.0,UTA,10.0,13.8,3.2,0.314,0.28,0.5,7.8,0.425,0.714,8.2,7.7,3.5,0.7,7.4,12.3,0.1,-3.8,-0.1
461,Zeke Nnaji,24.0,DEN,57.0,10.7,3.2,0.496,0.327,0.614,12.0,0.574,0.369,8.1,4.6,2.0,5.6,8.0,12.2,1.2,-1.3,0.1
462,Cam Reddish,25.0,LAL,33.0,17.8,3.2,0.404,0.277,0.615,7.4,0.498,0.5,6.3,4.8,2.8,1.6,10.2,8.8,0.7,-2.7,-0.1
463,Delon Wright,32.0,MIL,40.0,15.9,3.1,0.344,0.274,0.6,9.2,0.44,0.557,5.7,15.0,2.7,1.8,13.4,11.3,0.7,-1.4,0.1
464,Kylor Kelley,27.0,DAL,11.0,11.5,3.1,0.636,0.0,0.6,12.1,0.644,0.0,16.8,5.3,0.4,2.1,13.2,10.3,0.3,-5.4,-0.1
465,Gary Harris,30.0,ORL,48.0,14.8,3.0,0.383,0.356,0.583,6.9,0.524,0.759,5.2,5.8,1.8,1.6,10.9,9.5,1.0,-2.7,-0.1
466,Maxi Kleber,33.0,DAL,34.0,18.7,3.0,0.385,0.265,0.762,5.6,0.489,0.51,8.1,8.3,0.7,2.3,17.9,8.7,0.3,-3.8,-0.3
467,Taze Moore,26.0,POR,2.0,10.0,3.0,0.2,0.25,0.5,7.1,0.276,0.4,21.7,6.8,4.9,0.0,15.5,26.8,-0.1,-4.3,0.0
468,Rayan Rupert,20.0,POR,52.0,8.8,3.0,0.408,0.271,0.767,8.1,0.499,0.415,8.2,7.6,1.7,0.8,16.2,16.8,0.1,-4.7,-0.3
469,P.J. Tucker,39.0,NYK,3.0,19.3,3.0,0.429,0.5,0.0,5.5,0.643,0.857,7.9,0.0,0.9,1.6,12.5,6.0,0.1,-7.2,-0.1
470,Pete Nance,24.0,PHI,13.0,10.6,2.9,0.438,0.375,0.5,8.5,0.578,0.75,8.4,9.7,0.7,1.4,10.8,11.7,0.2,-4.9,-0.1
471,Markelle Fultz,26.0,SAC,21.0,8.8,2.9,0.418,0.5,1.0,8.9,0.452,0.119,6.1,20.0,2.7,1.1,18.2,19.3,-0.1,-4.7,-0.1
472,Taj Gibson,39.0,CHO,37.0,11.1,2.9,0.495,0.5,0.6,10.8,0.515,0.021,15.6,7.5,1.1,4.3,19.4,13.4,0.4,-5.3,-0.3
473,Tyler Smith,20.0,MIL,23.0,5.3,2.9,0.48,0.433,0.75,15.2,0.626,0.6,11.1,4.9,1.2,3.1,13.0,22.1,0.2,-0.9,0.0
474,RayJ Dennis,23.0,IND,11.0,6.4,2.7,0.333,0.286,1.0,13.9,0.443,0.636,9.6,26.9,4.8,2.6,12.9,24.0,0.1,0.7,0.0
475,David Duke Jr.,25.0,SAS,6.0,5.7,2.7,0.429,0.5,0.5,12.2,0.538,0.429,7.9,17.0,1.4,0.0,11.8,21.2,0.0,-1.5,0.0
476,Keshad Johnson,23.0,MIA,16.0,6.1,2.7,0.692,0.429,0.444,19.1,0.718,0.269,15.8,6.3,2.5,3.9,11.8,15.4,0.4,-0.1,0.0
477,Reece Beekman,23.0,BRK,36.0,13.0,2.6,0.327,0.175,0.762,7.5,0.4,0.374,4.7,19.1,3.5,0.4,15.3,12.8,0.1,-5.4,-0.4
478,Jae Crowder,34.0,SAC,9.0,11.4,2.6,0.318,0.267,0.833,6.6,0.467,0.682,10.9,7.1,1.4,0.0,14.0,12.0,0.1,-4.3,-0.1
479,Josh Minott,22.0,MIN,46.0,6.0,2.6,0.489,0.326,0.895,15.5,0.605,0.478,9.4,9.5,2.7,4.0,10.1,17.2,0.9,2.2,0.3
480,Hunter Tyson,24.0,DEN,51.0,7.8,2.6,0.375,0.311,0.75,9.0,0.506,0.617,10.7,6.1,1.2,1.3,9.6,15.5,0.4,-4.8,-0.3
481,Jaden Springer,22.0,BOS,43.0,8.5,2.5,0.389,0.25,0.711,10.7,0.511,0.533,8.6,12.1,3.2,1.0,13.0,14.3,0.5,-2.7,-0.1
482,Trey Jemison,25.0,LAL,38.0,10.3,2.5,0.554,0.0,0.394,8.9,0.537,0.0,14.8,5.5,1.1,3.6,21.3,12.4,0.3,-6.8,-0.5
483,Anthony Gill,32.0,WAS,51.0,7.8,2.5,0.489,0.323,0.66,10.2,0.586,0.352,8.6,5.7,1.1,0.5,8.3,12.7,0.5,-4.5,-0.3
484,Dillon Jones,23.0,OKC,54.0,10.2,2.5,0.383,0.254,0.607,8.1,0.464,0.474,11.8,12.6,1.4,0.7,16.2,13.3,0.8,-4.0,-0.3
485,Pat Spencer,28.0,GSW,39.0,6.4,2.5,0.406,0.227,0.733,12.6,0.455,0.218,9.9,28.1,2.7,1.1,14.3,21.2,0.3,-1.6,0.0
486,Johnny Davis,22.0,WAS,34.0,7.1,2.4,0.41,0.241,0.6,10.2,0.473,0.372,8.2,6.6,2.9,2.2,7.6,15.9,0.1,-2.8,0.0
487,Christian Koloko,24.0,LAL,37.0,9.2,2.4,0.606,0.0,0.714,13.0,0.624,0.061,15.1,6.4,1.2,4.4,14.3,10.8,0.9,-2.8,-0.1
488,John Konchar,28.0,MEM,46.0,12.1,2.4,0.451,0.371,0.875,12.1,0.592,0.681,14.3,8.8,2.5,2.3,14.5,8.0,1.5,1.7,0.5
489,MarJon Beauchamp,24.0,MIL,35.0,4.5,2.3,0.415,0.345,0.75,12.3,0.535,0.446,15.6,10.2,1.2,0.6,16.9,24.9,0.1,-4.3,-0.1
490,Bronny James,20.0,LAL,27.0,6.7,2.3,0.313,0.281,0.786,7.1,0.424,0.478,5.6,16.5,2.4,1.6,15.1,20.9,-0.2,-7.2,-0.2
491,Mason Jones,26.0,SAC,10.0,4.5,2.3,0.5,0.125,0.8,20.6,0.569,0.444,11.2,35.6,0.0,2.2,4.7,20.3,0.2,2.9,0.1
492,Miles Norris,24.0,BOS,3.0,11.7,2.3,0.222,0.286,0.5,8.5,0.354,0.778,14.0,0.0,2.9,2.6,0.0,12.4,0.0,-1.9,0.0
493,Patrick Baldwin Jr.,22.0,WAS,24.0,4.5,2.2,0.543,0.565,0.5,16.2,0.721,0.657,12.3,4.6,1.3,1.7,12.0,16.4,0.2,1.5,0.1
494,Drew Peterson,25.0,BOS,25.0,7.4,2.2,0.415,0.394,0.778,10.5,0.601,0.805,11.7,9.1,1.3,1.0,15.1,12.5,0.4,-0.8,0.1
495,TyTy Washington Jr.,23.0,PHO,16.0,7.4,2.2,0.311,0.19,0.5,6.5,0.367,0.467,6.1,18.5,1.3,0.0,5.9,19.0,-0.2,-8.0,-0.2
496,Jordan McLaughlin,28.0,SAC,46.0,6.8,2.1,0.431,0.413,0.773,12.3,0.6,0.639,5.3,21.0,2.5,0.3,16.4,13.3,0.6,-1.6,0.0
497,JD Davison,22.0,BOS,16.0,5.8,2.1,0.353,0.222,0.714,6.5,0.445,0.529,7.6,19.1,2.7,1.0,26.0,23.6,-0.2,-6.2,-0.1
498,Chris Duarte,27.0,CHI,17.0,4.4,2.1,0.462,0.4,0.75,16.5,0.61,0.577,14.2,16.6,0.0,0.0,3.3,17.2,0.3,1.2,0.1
499,Enrique Freeman,24.0,IND,22.0,8.2,2.1,0.432,0.1,0.684,7.4,0.507,0.27,9.2,6.1,0.8,1.5,11.7,12.3,0.2,-6.3,-0.2
500,Johnny Furphy,20.0,IND,50.0,7.6,2.1,0.38,0.3,0.818,9.8,0.506,0.543,10.4,6.2,2.3,2.6,10.6,13.0,0.5,-2.5,0.0
501,Dwight Powell,33.0,DAL,55.0,10.0,2.1,0.689,0.4,0.651,12.9,0.713,0.082,11.7,12.5,1.6,3.3,18.4,7.6,1.7,0.0,0.3
502,Josh Christopher,23.0,MIA,14.0,4.9,2.0,0.355,0.182,0.667,9.4,0.416,0.355,7.2,17.2,3.6,4.2,15.1,25.5,-0.1,-7.9,-0.1
503,Tyler Kolek,23.0,NYK,41.0,7.2,2.0,0.329,0.298,0.765,10.3,0.453,0.573,5.2,29.5,2.0,1.3,16.7,15.8,0.4,-2.8,-0.1
504,Adama Sanogo,22.0,CHI,4.0,5.3,2.0,0.571,0.0,0.0,15.2,0.571,0.0,15.0,6.7,0.0,0.0,12.5,15.9,0.0,-2.6,0.0
505,Kobe Brown,25.0,LAC,40.0,6.8,1.9,0.458,0.231,0.714,10.8,0.513,0.361,13.5,11.9,1.3,1.5,13.8,14.0,0.5,-2.1,0.0
506,Ariel Hukporti,22.0,NYK,25.0,8.7,1.9,0.677,0.0,0.462,7.6,0.654,0.0,13.5,6.4,0.2,6.4,36.4,11.6,0.1,-5.6,-0.2
507,Bobi Klintman,21.0,DET,8.0,5.3,1.9,0.6,0.4,0.5,15.9,0.689,0.5,9.2,22.5,2.3,2.3,8.4,11.9,0.2,1.0,0.0
508,Garrett Temple,38.0,TOR,28.0,8.1,1.9,0.3,0.214,0.917,8.5,0.406,0.467,6.8,17.4,3.6,0.8,13.3,13.9,0.2,-3.6,-0.1
509,Jericho Sims,26.0,NYK,53.0,11.9,1.8,0.634,0.0,0.615,10.0,0.639,0.0,17.6,6.4,0.8,2.8,30.1,7.6,1.3,-3.0,-0.2
510,Vlatko Čančar,27.0,DEN,13.0,10.5,1.8,0.385,0.267,0.0,4.6,0.462,0.577,12.9,7.7,1.1,1.3,29.7,11.5,-0.1,-7.1,-0.2
511,Adam Flagler,25.0,OKC,37.0,5.5,1.8,0.26,0.194,0.5,3.7,0.335,0.75,7.1,7.3,1.9,1.5,4.0,21.1,-0.3,-10.3,-0.4
512,Trentyn Flowers,19.0,LAC,6.0,4.5,1.8,0.364,0.0,1.0,4.3,0.446,0.182,8.4,0.0,0.0,0.0,7.5,21.5,0.0,-8.3,0.0
513,E.J. Liddell,24.0,CHI,12.0,4.4,1.8,0.533,0.3,1.0,11.1,0.661,0.667,8.9,7.6,0.9,1.6,11.2,14.1,0.1,-4.1,0.0
514,Jahmir Young,24.0,CHI,6.0,5.0,1.8,0.8,0.5,1.0,16.8,0.935,0.4,5.2,26.2,0.0,0.0,14.5,9.6,0.1,0.5,0.0
515,Pacome Dadiet,19.0,NYK,18.0,6.2,1.7,0.323,0.316,0.667,6.3,0.446,0.613,9.3,5.6,1.3,1.7,10.6,14.7,0.0,-6.5,-0.1
516,Alex Ducas,24.0,OKC,21.0,6.0,1.7,0.4,0.476,1.0,10.1,0.583,0.7,11.2,4.8,1.9,0.0,11.5,11.8,0.3,-2.0,0.0
517,PJ Hall,22.0,DEN,19.0,3.5,1.7,0.583,0.25,0.75,18.3,0.641,0.333,18.3,8.4,0.0,5.4,7.2,17.8,0.2,-1.3,0.0
518,Emanuel Miller,24.0,CHI,6.0,4.2,1.7,0.5,0.0,1.0,18.1,0.563,0.125,16.8,10.9,1.9,0.0,0.0,14.8,0.1,-1.8,0.0
519,Tristan Thompson,33.0,CLE,40.0,8.2,1.7,0.437,0.0,0.233,9.1,0.41,0.042,22.1,8.8,0.3,3.0,14.3,12.7,0.4,-4.6,-0.2
520,Alex Len,31.0,SAC,46.0,8.3,1.6,0.508,0.222,0.471,10.6,0.525,0.143,14.0,12.6,1.2,5.4,22.1,10.3,0.7,-2.6,-0.1
521,Yuki Kawamura,23.0,MEM,22.0,4.2,1.6,0.367,0.304,0.778,11.0,0.53,0.767,6.8,25.1,1.0,0.0,12.8,16.9,0.2,-2.8,0.0
522,Jack McVeigh,28.0,HOU,9.0,4.8,1.6,0.294,0.308,0.0,4.0,0.412,0.765,6.2,3.0,0.0,4.2,10.5,18.2,0.0,-7.7,-0.1
523,Armel Traoré,22.0,LAL,9.0,7.4,1.6,0.316,0.0,0.286,3.5,0.317,0.368,12.6,2.0,2.9,2.8,12.0,16.4,-0.1,-9.8,-0.1
524,Jordan Walsh,20.0,BOS,52.0,7.8,1.6,0.361,0.273,0.583,6.9,0.464,0.663,9.3,6.0,1.5,2.5,16.1,11.5,0.4,-3.9,-0.2
525,Phillip Wheeler,22.0,PHI,5.0,8.8,1.6,0.143,0.0,1.0,-2.3,0.183,0.476,10.3,6.0,1.1,4.5,4.4,22.6,-0.3,-18.2,-0.2
526,Sidy Cissoko,20.0,SAS,22.0,5.2,1.5,0.433,0.231,0.333,6.7,0.471,0.433,9.9,17.7,0.9,0.8,24.5,16.6,-0.1,-5.1,-0.1
527,Jazian Gortman,21.0,DAL,16.0,3.6,1.5,0.391,0.364,0.5,6.5,0.485,0.478,4.8,14.7,1.7,1.5,16.8,22.4,-0.1,-6.3,-0.1
528,Kevin McCullar Jr.,23.0,NYK,4.0,7.3,1.5,0.286,0.0,1.0,6.7,0.381,0.143,15.8,8.4,1.7,3.2,0.0,11.8,0.0,-7.2,0.0
529,Leonard Miller,21.0,MIN,13.0,2.5,1.5,0.4,0.0,1.0,19.9,0.54,0.333,19.1,0.0,3.1,2.9,9.7,27.8,0.1,-3.7,0.0
530,Quincy Olivari,23.0,LAL,2.0,5.0,1.5,0.2,0.2,0.0,-5.2,0.3,1.0,0.0,13.3,0.0,0.0,16.7,26.3,-0.1,-18.6,0.0
531,Matt Ryan,27.0,NYK,19.0,3.6,1.5,0.323,0.316,1.0,6.1,0.439,0.613,6.8,5.9,1.5,0.0,8.6,22.3,-0.1,-7.5,-0.1
532,Jacob Toppin,24.0,NYK,17.0,4.5,1.4,0.409,0.5,0.0,9.2,0.523,0.455,11.2,10.2,1.3,0.0,12.0,13.9,0.0,-2.6,0.0
533,Cam Christie,19.0,LAC,13.0,4.5,1.4,0.292,0.154,0.5,9.1,0.349,0.542,11.5,13.7,4.2,1.7,7.2,20.5,0.0,-2.5,0.0
534,Chris Livingston,21.0,MIL,21.0,5.0,1.4,0.333,0.0,0.75,9.8,0.441,0.296,17.9,6.0,2.3,0.0,15.0,16.6,0.1,-6.1,-0.1
535,Trey Alexander,21.0,DEN,24.0,4.9,1.3,0.317,0.176,0.75,2.9,0.374,0.415,5.6,11.4,0.8,0.8,10.5,17.3,-0.2,-9.7,-0.2
536,Spencer Jones,23.0,DEN,20.0,6.3,1.3,0.324,0.059,1.0,4.5,0.368,0.5,7.5,4.7,1.9,3.6,12.4,13.7,-0.1,-8.5,-0.2
537,Skal Labissière,28.0,SAC,4.0,3.0,1.3,0.5,1.0,0.0,15.9,0.625,0.25,14.0,11.6,0.0,0.0,0.0,14.3,0.0,2.1,0.0
538,Jalen Bridges,23.0,PHO,8.0,3.8,1.1,0.286,0.286,0.75,-0.1,0.514,1.0,7.4,0.0,0.0,0.0,31.3,18.8,-0.1,-12.5,-0.1
539,Yuri Collins,23.0,GSW,2.0,8.0,1.0,0.333,0.0,0.0,13.9,0.333,0.0,10.1,31.9,6.1,0.0,0.0,7.9,0.1,0.3,0.0
540,Daniss Jenkins,23.0,DET,7.0,3.3,1.0,0.3,0.143,0.0,-0.1,0.322,0.7,4.8,17.3,0.0,0.0,8.4,21.8,-0.1,-15.8,-0.1
541,Braxton Key,27.0,GSW,3.0,3.7,1.0,0.0,0.0,0.5,1.1,0.226,0.25,9.8,0.0,8.8,0.0,13.1,29.3,-0.1,-13.6,0.0
542,Bryce McGowens,22.0,POR,13.0,2.5,1.0,0.286,0.0,0.833,1.7,0.391,0.286,5.1,8.7,1.5,0.0,19.4,26.8,-0.1,-13.6,-0.1
543,Xavier Tillman Sr.,26.0,BOS,33.0,7.0,1.0,0.245,0.156,0.75,2.4,0.31,0.604,10.1,3.8,2.4,2.0,20.4,13.1,-0.3,-8.1,-0.4
544,Luke Travers,23.0,CLE,12.0,7.3,1.0,0.25,0.0,1.0,1.9,0.287,0.45,12.3,10.5,0.5,1.0,27.7,13.9,-0.1,-9.7,-0.2
545,Isaiah Crawford,23.0,SAC,15.0,3.1,0.9,0.455,0.2,0.5,9.2,0.509,0.455,9.7,2.8,1.1,4.3,7.3,12.9,0.0,-4.1,0.0
546,Justin Minaya,25.0,POR,19.0,5.3,0.9,0.381,0.2,0.0,5.0,0.411,0.476,5.4,9.1,2.9,0.9,18.6,11.1,0.0,-5.4,-0.1
547,Anton Watson,24.0,NYK,9.0,2.4,0.9,0.444,0.0,0.0,5.9,0.444,0.111,7.8,12.8,2.3,0.0,18.2,21.7,0.0,-10.1,0.0
548,D.J. Carton,24.0,TOR,4.0,8.3,0.8,0.143,0.0,1.0,-2.6,0.202,0.429,6.5,10.9,2.9,0.0,35.0,14.5,-0.1,-11.1,-0.1
549,PJ Dozier,28.0,MIN,9.0,3.9,0.8,0.667,0.667,0.167,9.5,0.621,1.0,7.9,18.1,1.4,0.0,15.1,8.2,0.1,0.7,0.0
550,Joe Ingles,37.0,MIN,19.0,6.0,0.8,0.261,0.2,0.0,2.4,0.326,0.652,5.4,25.4,0.9,0.0,28.1,12.2,-0.1,-7.0,-0.1
551,Harrison Ingram,22.0,SAS,5.0,7.0,0.8,0.5,0.0,0.0,10.9,0.5,0.25,13.8,10.6,4.1,0.0,20.0,6.1,0.1,-1.2,0.0
552,Ulrich Chomche,19.0,TOR,7.0,4.6,0.7,0.4,0.0,0.5,5.2,0.425,0.0,13.4,7.8,0.0,3.0,25.4,10.3,0.0,-7.4,0.0
553,James Johnson,37.0,IND,12.0,3.1,0.7,0.364,0.0,0.0,0.0,0.35,0.273,9.0,13.7,0.0,4.9,25.9,18.0,-0.1,-9.7,-0.1
554,Liam Robbins,25.0,MIL,13.0,4.4,0.7,0.25,0.0,0.5,2.6,0.363,0.25,11.4,4.2,1.7,3.3,32.6,14.2,-0.1,-10.5,-0.1
555,Stanley Umude,25.0,MIL,22.0,3.9,0.7,0.192,0.2,0.5,3.4,0.27,0.577,10.7,5.7,1.7,6.5,9.8,15.7,-0.2,-8.1,-0.1
556,Cui Yongxi,21.0,BRK,5.0,2.0,0.6,0.143,0.0,0.5,-10.7,0.19,0.429,11.4,0.0,0.0,0.0,0.0,34.4,-0.1,-24.9,-0.1
557,Tristen Newton,23.0,IND,8.0,2.0,0.4,0.125,0.0,1.0,-6.1,0.178,0.375,13.9,15.4,3.1,0.0,19.2,28.2,-0.1,-20.7,-0.1
558,Malevy Leons,25.0,OKC,6.0,3.5,0.3,0.0,0.0,0.5,-2.3,0.266,0.5,7.7,5.1,0.0,0.0,21.0,9.6,0.0,-12.4,-0.1
559,Daishen Nix,22.0,MIN,3.0,4.3,0.3,0.0,0.0,0.5,-7.0,0.266,1.0,17.1,27.2,0.0,0.0,68.0,19.6,-0.1,-16.2,0.0
560,Terence Davis,27.0,SAC,1.0,8.0,0.0,0.0,0.0,0.0,-4.0,0.0,0.5,7.0,14.1,0.0,0.0,0.0,10.8,0.0,-16.9,0.0
561,Jesse Edwards,24.0,MIN,2.0,2.5,0.0,0.0,0.0,0.0,-0.1,0.0,,0.0,23.6,0.0,0.0,0.0,0.0,0.0,-4.0,0.0
562,Mac McClung,26.0,ORL,2.0,5.0,0.0,0.0,0.0,0.0,-0.3,0.0,0.5,5.7,37.8,0.0,0.0,0.0,8.7,0.0,-11.0,0.0
563,Jalen McDaniels,27.0,WAS,4.0,1.8,0.0,0.0,0.0,0.0,10.9,0.0,,0.0,17.4,6.8,0.0,0.0,0.0,0.0,5.6,0.0
564,Riley Minix,24.0,SAS,1.0,7.0,0.0,0.0,0.0,0.0,-1.7,0.0,1.0,15.3,0.0,0.0,0.0,0.0,6.1,0.0,-11.8,0.0
565,Jahlil Okafor,29.0,IND,1.0,3.0,0.0,0.0,0.0,0.0,13.8,0.0,,18.6,37.0,0.0,0.0,0.0,0.0,0.0,7.5,0.0
566,Zyon Pullin,23.0,MEM,3.0,1.0,0.0,0.0,0.0,0.0,-11.7,0.0,0.0,0.0,0.0,0.0,0.0,0.0,13.4,0.0,-22.7,0.0
567,Isaiah Stevens,24.0,MIA,3.0,2.0,0.0,0.0,0.0,0.0,0.1,0.0,0.5,18.4,0.0,8.3,0.0,0.0,14.8,0.0,-11.8,0.0
568,Terry Taylor,25.0,SAC,3.0,2.0,0.0,0.0,0.0,0.0,9.8,0.0,0.0,9.3,37.6,0.0,0.0,0.0,7.2,0.0,3.3,0.0
